0 verbose cli C:\Program Files\nodejs\node.exe C:\Program Files\nodejs\node_modules\npm\bin\npm-cli.js
1 info using npm@10.9.3
2 info using node@v22.20.0
3 silly config load:file:C:\Program Files\nodejs\node_modules\npm\npmrc
4 silly config load:file:C:\opt\workspace\SELPLAT\apps\ai-desktop\.npmrc
5 silly config load:file:C:\Users\fj6508hr\.npmrc
6 silly config load:file:C:\Users\fj6508hr\AppData\Roaming\npm\etc\npmrc
7 verbose title npm install
8 verbose argv "install" "--force" "--no-audit" "--no-fund"
9 verbose logfile logs-max:10 dir:C:\opt\workspace\SELPLAT\apps\ai-desktop\.npm-repair-cache\_logs\2026-09-03T06_45_51_289Z-
10 verbose logfile C:\opt\workspace\SELPLAT\apps\ai-desktop\.npm-repair-cache\_logs\2026-09-03T06_45_51_289Z-debug-0.log
11 warn using --force Recommended protections disabled.
12 silly logfile done cleaning log files
13 silly packumentCache heap:4345298944 maxSize:1086324736 maxEntrySize:543162368
14 http fetch GET https://registry.npmjs.org/npm attempt 1 failed with EACCES
15 silly idealTree buildDeps
16 silly reify mark retired [
16 silly reify   'C:\\opt\\workspace\\SELPLAT\\apps\\ai-desktop\\node_modules\\abbrev'
16 silly reify ]
17 silly reify mark retired [
17 silly reify   'C:\\opt\\workspace\\SELPLAT\\apps\\ai-desktop\\node_modules\\agent-base'
17 silly reify ]
18 silly reify mark retired [ 'C:\\opt\\workspace\\SELPLAT\\apps\\ai-desktop\\node_modules\\ajv' ]
19 silly reify mark retired [
19 silly reify   'C:\\opt\\workspace\\SELPLAT\\apps\\ai-desktop\\node_modules\\ansi-regex'
19 silly reify ]
20 silly reify mark retired [
20 silly reify   'C:\\opt\\workspace\\SELPLAT\\apps\\ai-desktop\\node_modules\\ansi-styles'
20 silly reify ]
21 silly reify mark retired [
21 silly reify   'C:\\opt\\workspace\\SELPLAT\\apps\\ai-desktop\\node_modules\\app-builder-lib'
21 silly reify ]
22 silly reify mark retired [
22 silly reify   'C:\\opt\\workspace\\SELPLAT\\apps\\ai-desktop\\node_modules\\argparse'
22 silly reify ]
23 silly reify mark retired [
23 silly reify   'C:\\opt\\workspace\\SELPLAT\\apps\\ai-desktop\\node_modules\\asn1js'
23 silly reify ]
24 silly reify mark retired [
24 silly reify   'C:\\opt\\workspace\\SELPLAT\\apps\\ai-desktop\\node_modules\\async'
24 silly reify ]
25 silly reify mark retired [
25 silly reify   'C:\\opt\\workspace\\SELPLAT\\apps\\ai-desktop\\node_modules\\async-exit-hook'
25 silly reify ]
26 silly reify mark retired [
26 silly reify   'C:\\opt\\workspace\\SELPLAT\\apps\\ai-desktop\\node_modules\\asynckit'
26 silly reify ]
27 silly reify mark retired [ 'C:\\opt\\workspace\\SELPLAT\\apps\\ai-desktop\\node_modules\\aws4' ]
28 silly reify mark retired [
28 silly reify   'C:\\opt\\workspace\\SELPLAT\\apps\\ai-desktop\\node_modules\\at-least-node'
28 silly reify ]
29 silly reify mark retired [ 'C:\\opt\\workspace\\SELPLAT\\apps\\ai-desktop\\node_modules\\bail' ]
30 silly reify mark retired [
30 silly reify   'C:\\opt\\workspace\\SELPLAT\\apps\\ai-desktop\\node_modules\\balanced-match'
30 silly reify ]
31 silly reify mark retired [
31 silly reify   'C:\\opt\\workspace\\SELPLAT\\apps\\ai-desktop\\node_modules\\base64-js'
31 silly reify ]
32 silly reify mark retired [
32 silly reify   'C:\\opt\\workspace\\SELPLAT\\apps\\ai-desktop\\node_modules\\baseline-browser-mapping'
32 silly reify ]
33 silly reify mark retired [
33 silly reify   'C:\\opt\\workspace\\SELPLAT\\apps\\ai-desktop\\node_modules\\bluebird'
33 silly reify ]
34 silly reify mark retired [
34 silly reify   'C:\\opt\\workspace\\SELPLAT\\apps\\ai-desktop\\node_modules\\boolean'
34 silly reify ]
35 silly reify mark retired [
35 silly reify   'C:\\opt\\workspace\\SELPLAT\\apps\\ai-desktop\\node_modules\\brace-expansion'
35 silly reify ]
36 silly reify mark retired [
36 silly reify   'C:\\opt\\workspace\\SELPLAT\\apps\\ai-desktop\\node_modules\\browserslist'
36 silly reify ]
37 silly reify mark retired [
37 silly reify   'C:\\opt\\workspace\\SELPLAT\\apps\\ai-desktop\\node_modules\\buffer-crc32'
37 silly reify ]
38 silly reify mark retired [
38 silly reify   'C:\\opt\\workspace\\SELPLAT\\apps\\ai-desktop\\node_modules\\buffer-from'
38 silly reify ]
39 silly reify mark retired [
39 silly reify   'C:\\opt\\workspace\\SELPLAT\\apps\\ai-desktop\\node_modules\\builder-util'
39 silly reify ]
40 silly reify mark retired [
40 silly reify   'C:\\opt\\workspace\\SELPLAT\\apps\\ai-desktop\\node_modules\\builder-util-runtime'
40 silly reify ]
41 silly reify mark retired [
41 silly reify   'C:\\opt\\workspace\\SELPLAT\\apps\\ai-desktop\\node_modules\\bytestreamjs'
41 silly reify ]
42 silly reify mark retired [
42 silly reify   'C:\\opt\\workspace\\SELPLAT\\apps\\ai-desktop\\node_modules\\cacheable-lookup'
42 silly reify ]
43 silly reify mark retired [
43 silly reify   'C:\\opt\\workspace\\SELPLAT\\apps\\ai-desktop\\node_modules\\cacheable-request'
43 silly reify ]
44 silly reify mark retired [
44 silly reify   'C:\\opt\\workspace\\SELPLAT\\apps\\ai-desktop\\node_modules\\call-bind-apply-helpers'
44 silly reify ]
45 silly reify mark retired [
45 silly reify   'C:\\opt\\workspace\\SELPLAT\\apps\\ai-desktop\\node_modules\\ccount'
45 silly reify ]
46 silly reify mark retired [
46 silly reify   'C:\\opt\\workspace\\SELPLAT\\apps\\ai-desktop\\node_modules\\caniuse-lite'
46 silly reify ]
47 silly reify mark retired [
47 silly reify   'C:\\opt\\workspace\\SELPLAT\\apps\\ai-desktop\\node_modules\\chalk'
47 silly reify ]
48 silly reify mark retired [
48 silly reify   'C:\\opt\\workspace\\SELPLAT\\apps\\ai-desktop\\node_modules\\character-entities'
48 silly reify ]
49 silly reify mark retired [
49 silly reify   'C:\\opt\\workspace\\SELPLAT\\apps\\ai-desktop\\node_modules\\character-entities-html4'
49 silly reify ]
50 silly reify mark retired [
50 silly reify   'C:\\opt\\workspace\\SELPLAT\\apps\\ai-desktop\\node_modules\\character-entities-legacy'
50 silly reify ]
51 silly reify mark retired [
51 silly reify   'C:\\opt\\workspace\\SELPLAT\\apps\\ai-desktop\\node_modules\\character-reference-invalid'
51 silly reify ]
52 silly reify mark retired [
52 silly reify   'C:\\opt\\workspace\\SELPLAT\\apps\\ai-desktop\\node_modules\\chownr'
52 silly reify ]
53 silly reify mark retired [
53 silly reify   'C:\\opt\\workspace\\SELPLAT\\apps\\ai-desktop\\node_modules\\ci-info'
53 silly reify ]
54 silly reify mark retired [
54 silly reify   'C:\\opt\\workspace\\SELPLAT\\apps\\ai-desktop\\node_modules\\chromium-pickle-js'
54 silly reify ]
55 silly reify mark retired [
55 silly reify   'C:\\opt\\workspace\\SELPLAT\\apps\\ai-desktop\\node_modules\\cliui'
55 silly reify ]
56 silly reify mark retired [
56 silly reify   'C:\\opt\\workspace\\SELPLAT\\apps\\ai-desktop\\node_modules\\clone-response'
56 silly reify ]
57 silly reify mark retired [
57 silly reify   'C:\\opt\\workspace\\SELPLAT\\apps\\ai-desktop\\node_modules\\color-convert'
57 silly reify ]
58 silly reify mark retired [
58 silly reify   'C:\\opt\\workspace\\SELPLAT\\apps\\ai-desktop\\node_modules\\color-name'
58 silly reify ]
59 silly reify mark retired [
59 silly reify   'C:\\opt\\workspace\\SELPLAT\\apps\\ai-desktop\\node_modules\\combined-stream'
59 silly reify ]
60 silly reify mark retired [
60 silly reify   'C:\\opt\\workspace\\SELPLAT\\apps\\ai-desktop\\node_modules\\comma-separated-tokens'
60 silly reify ]
61 silly reify mark retired [
61 silly reify   'C:\\opt\\workspace\\SELPLAT\\apps\\ai-desktop\\node_modules\\commander'
61 silly reify ]
62 silly reify mark retired [
62 silly reify   'C:\\opt\\workspace\\SELPLAT\\apps\\ai-desktop\\node_modules\\compare-version'
62 silly reify ]
63 silly reify mark retired [
63 silly reify   'C:\\opt\\workspace\\SELPLAT\\apps\\ai-desktop\\node_modules\\concat-map'
63 silly reify ]
64 silly reify mark retired [
64 silly reify   'C:\\opt\\workspace\\SELPLAT\\apps\\ai-desktop\\node_modules\\cross-dirname'
64 silly reify ]
65 silly reify mark retired [
65 silly reify   'C:\\opt\\workspace\\SELPLAT\\apps\\ai-desktop\\node_modules\\cross-env'
65 silly reify ]
66 silly reify mark retired [
66 silly reify   'C:\\opt\\workspace\\SELPLAT\\apps\\ai-desktop\\node_modules\\cross-spawn'
66 silly reify ]
67 silly reify mark retired [
67 silly reify   'C:\\opt\\workspace\\SELPLAT\\apps\\ai-desktop\\node_modules\\csstype'
67 silly reify ]
68 silly reify mark retired [
68 silly reify   'C:\\opt\\workspace\\SELPLAT\\apps\\ai-desktop\\node_modules\\debug'
68 silly reify ]
69 silly reify mark retired [
69 silly reify   'C:\\opt\\workspace\\SELPLAT\\apps\\ai-desktop\\node_modules\\decode-named-character-reference'
69 silly reify ]
70 silly reify mark retired [
70 silly reify   'C:\\opt\\workspace\\SELPLAT\\apps\\ai-desktop\\node_modules\\decompress-response'
70 silly reify ]
71 silly reify mark retired [
71 silly reify   'C:\\opt\\workspace\\SELPLAT\\apps\\ai-desktop\\node_modules\\defer-to-connect'
71 silly reify ]
72 silly reify mark retired [
72 silly reify   'C:\\opt\\workspace\\SELPLAT\\apps\\ai-desktop\\node_modules\\define-data-property'
72 silly reify ]
73 silly reify mark retired [
73 silly reify   'C:\\opt\\workspace\\SELPLAT\\apps\\ai-desktop\\node_modules\\define-properties'
73 silly reify ]
74 silly reify mark retired [
74 silly reify   'C:\\opt\\workspace\\SELPLAT\\apps\\ai-desktop\\node_modules\\delayed-stream'
74 silly reify ]
75 silly reify mark retired [
75 silly reify   'C:\\opt\\workspace\\SELPLAT\\apps\\ai-desktop\\node_modules\\dequal'
75 silly reify ]
76 silly reify mark retired [
76 silly reify   'C:\\opt\\workspace\\SELPLAT\\apps\\ai-desktop\\node_modules\\detect-node'
76 silly reify ]
77 silly reify mark retired [
77 silly reify   'C:\\opt\\workspace\\SELPLAT\\apps\\ai-desktop\\node_modules\\devlop'
77 silly reify ]
78 silly reify mark retired [
78 silly reify   'C:\\opt\\workspace\\SELPLAT\\apps\\ai-desktop\\node_modules\\dir-compare'
78 silly reify ]
79 silly reify mark retired [
79 silly reify   'C:\\opt\\workspace\\SELPLAT\\apps\\ai-desktop\\node_modules\\dmg-builder'
79 silly reify ]
80 silly reify mark retired [
80 silly reify   'C:\\opt\\workspace\\SELPLAT\\apps\\ai-desktop\\node_modules\\dotenv-expand'
80 silly reify ]
81 silly reify mark retired [
81 silly reify   'C:\\opt\\workspace\\SELPLAT\\apps\\ai-desktop\\node_modules\\dotenv'
81 silly reify ]
82 silly reify mark retired [
82 silly reify   'C:\\opt\\workspace\\SELPLAT\\apps\\ai-desktop\\node_modules\\dunder-proto'
82 silly reify ]
83 silly reify mark retired [
83 silly reify   'C:\\opt\\workspace\\SELPLAT\\apps\\ai-desktop\\node_modules\\duplexer2'
83 silly reify ]
84 silly reify mark retired [
84 silly reify   'C:\\opt\\workspace\\SELPLAT\\apps\\ai-desktop\\node_modules\\electron'
84 silly reify ]
85 silly reify mark retired [ 'C:\\opt\\workspace\\SELPLAT\\apps\\ai-desktop\\node_modules\\ejs' ]
86 silly reify mark retired [
86 silly reify   'C:\\opt\\workspace\\SELPLAT\\apps\\ai-desktop\\node_modules\\electron-builder'
86 silly reify ]
87 silly reify mark retired [
87 silly reify   'C:\\opt\\workspace\\SELPLAT\\apps\\ai-desktop\\node_modules\\electron-builder-squirrel-windows'
87 silly reify ]
88 silly reify mark retired [
88 silly reify   'C:\\opt\\workspace\\SELPLAT\\apps\\ai-desktop\\node_modules\\electron-publish'
88 silly reify ]
89 silly reify mark retired [
89 silly reify   'C:\\opt\\workspace\\SELPLAT\\apps\\ai-desktop\\node_modules\\electron-winstaller'
89 silly reify ]
90 silly reify mark retired [
90 silly reify   'C:\\opt\\workspace\\SELPLAT\\apps\\ai-desktop\\node_modules\\electron-to-chromium'
90 silly reify ]
91 silly reify mark retired [
91 silly reify   'C:\\opt\\workspace\\SELPLAT\\apps\\ai-desktop\\node_modules\\emoji-regex'
91 silly reify ]
92 silly reify mark retired [
92 silly reify   'C:\\opt\\workspace\\SELPLAT\\apps\\ai-desktop\\node_modules\\end-of-stream'
92 silly reify ]
93 silly reify mark retired [
93 silly reify   'C:\\opt\\workspace\\SELPLAT\\apps\\ai-desktop\\node_modules\\env-paths'
93 silly reify ]
94 silly reify mark retired [
94 silly reify   'C:\\opt\\workspace\\SELPLAT\\apps\\ai-desktop\\node_modules\\err-code'
94 silly reify ]
95 silly reify mark retired [
95 silly reify   'C:\\opt\\workspace\\SELPLAT\\apps\\ai-desktop\\node_modules\\es-define-property'
95 silly reify ]
96 silly reify mark retired [
96 silly reify   'C:\\opt\\workspace\\SELPLAT\\apps\\ai-desktop\\node_modules\\es-errors'
96 silly reify ]
97 silly reify mark retired [
97 silly reify   'C:\\opt\\workspace\\SELPLAT\\apps\\ai-desktop\\node_modules\\es-object-atoms'
97 silly reify ]
98 silly reify mark retired [
98 silly reify   'C:\\opt\\workspace\\SELPLAT\\apps\\ai-desktop\\node_modules\\convert-source-map'
98 silly reify ]
99 silly reify mark retired [
99 silly reify   'C:\\opt\\workspace\\SELPLAT\\apps\\ai-desktop\\node_modules\\core-util-is'
99 silly reify ]
100 silly reify mark retired [
100 silly reify   'C:\\opt\\workspace\\SELPLAT\\apps\\ai-desktop\\node_modules\\es-set-tostringtag'
100 silly reify ]
101 silly reify mark retired [
101 silly reify   'C:\\opt\\workspace\\SELPLAT\\apps\\ai-desktop\\node_modules\\es6-error'
101 silly reify ]
102 silly reify mark retired [
102 silly reify   'C:\\opt\\workspace\\SELPLAT\\apps\\ai-desktop\\node_modules\\esbuild'
102 silly reify ]
103 silly reify mark retired [
103 silly reify   'C:\\opt\\workspace\\SELPLAT\\apps\\ai-desktop\\node_modules\\escalade'
103 silly reify ]
104 silly reify mark retired [
104 silly reify   'C:\\opt\\workspace\\SELPLAT\\apps\\ai-desktop\\node_modules\\escape-string-regexp'
104 silly reify ]
105 silly reify mark retired [
105 silly reify   'C:\\opt\\workspace\\SELPLAT\\apps\\ai-desktop\\node_modules\\estree-util-is-identifier-name'
105 silly reify ]
106 silly reify mark retired [
106 silly reify   'C:\\opt\\workspace\\SELPLAT\\apps\\ai-desktop\\node_modules\\exponential-backoff'
106 silly reify ]
107 silly reify mark retired [
107 silly reify   'C:\\opt\\workspace\\SELPLAT\\apps\\ai-desktop\\node_modules\\extend'
107 silly reify ]
108 silly reify mark retired [
108 silly reify   'C:\\opt\\workspace\\SELPLAT\\apps\\ai-desktop\\node_modules\\fast-deep-equal'
108 silly reify ]
109 silly reify mark retired [
109 silly reify   'C:\\opt\\workspace\\SELPLAT\\apps\\ai-desktop\\node_modules\\extract-zip'
109 silly reify ]
110 silly reify mark retired [
110 silly reify   'C:\\opt\\workspace\\SELPLAT\\apps\\ai-desktop\\node_modules\\fast-uri'
110 silly reify ]
111 silly reify mark retired [
111 silly reify   'C:\\opt\\workspace\\SELPLAT\\apps\\ai-desktop\\node_modules\\fd-slicer'
111 silly reify ]
112 silly reify mark retired [ 'C:\\opt\\workspace\\SELPLAT\\apps\\ai-desktop\\node_modules\\fdir' ]
113 silly reify mark retired [
113 silly reify   'C:\\opt\\workspace\\SELPLAT\\apps\\ai-desktop\\node_modules\\form-data'
113 silly reify ]
114 silly reify mark retired [
114 silly reify   'C:\\opt\\workspace\\SELPLAT\\apps\\ai-desktop\\node_modules\\filelist'
114 silly reify ]
115 silly reify mark retired [
115 silly reify   'C:\\opt\\workspace\\SELPLAT\\apps\\ai-desktop\\node_modules\\fs-extra'
115 silly reify ]
116 silly reify mark retired [
116 silly reify   'C:\\opt\\workspace\\SELPLAT\\apps\\ai-desktop\\node_modules\\fs.realpath'
116 silly reify ]
117 silly reify mark retired [
117 silly reify   'C:\\opt\\workspace\\SELPLAT\\apps\\ai-desktop\\node_modules\\fsevents'
117 silly reify ]
118 silly reify mark retired [
118 silly reify   'C:\\opt\\workspace\\SELPLAT\\apps\\ai-desktop\\node_modules\\function-bind'
118 silly reify ]
119 silly reify mark retired [
119 silly reify   'C:\\opt\\workspace\\SELPLAT\\apps\\ai-desktop\\node_modules\\gensync'
119 silly reify ]
120 silly reify mark retired [
120 silly reify   'C:\\opt\\workspace\\SELPLAT\\apps\\ai-desktop\\node_modules\\get-caller-file'
120 silly reify ]
121 silly reify mark retired [
121 silly reify   'C:\\opt\\workspace\\SELPLAT\\apps\\ai-desktop\\node_modules\\get-intrinsic'
121 silly reify ]
122 silly reify mark retired [
122 silly reify   'C:\\opt\\workspace\\SELPLAT\\apps\\ai-desktop\\node_modules\\get-proto'
122 silly reify ]
123 silly reify mark retired [
123 silly reify   'C:\\opt\\workspace\\SELPLAT\\apps\\ai-desktop\\node_modules\\get-stream'
123 silly reify ]
124 silly reify mark retired [ 'C:\\opt\\workspace\\SELPLAT\\apps\\ai-desktop\\node_modules\\glob' ]
125 silly reify mark retired [
125 silly reify   'C:\\opt\\workspace\\SELPLAT\\apps\\ai-desktop\\node_modules\\globalthis'
125 silly reify ]
126 silly reify mark retired [
126 silly reify   'C:\\opt\\workspace\\SELPLAT\\apps\\ai-desktop\\node_modules\\global-agent'
126 silly reify ]
127 silly reify mark retired [ 'C:\\opt\\workspace\\SELPLAT\\apps\\ai-desktop\\node_modules\\gopd' ]
128 silly reify mark retired [ 'C:\\opt\\workspace\\SELPLAT\\apps\\ai-desktop\\node_modules\\got' ]
129 silly reify mark retired [
129 silly reify   'C:\\opt\\workspace\\SELPLAT\\apps\\ai-desktop\\node_modules\\has-property-descriptors'
129 silly reify ]
130 silly reify mark retired [
130 silly reify   'C:\\opt\\workspace\\SELPLAT\\apps\\ai-desktop\\node_modules\\graceful-fs'
130 silly reify ]
131 silly reify mark retired [
131 silly reify   'C:\\opt\\workspace\\SELPLAT\\apps\\ai-desktop\\node_modules\\has-flag'
131 silly reify ]
132 silly reify mark retired [
132 silly reify   'C:\\opt\\workspace\\SELPLAT\\apps\\ai-desktop\\node_modules\\has-symbols'
132 silly reify ]
133 silly reify mark retired [
133 silly reify   'C:\\opt\\workspace\\SELPLAT\\apps\\ai-desktop\\node_modules\\has-tostringtag'
133 silly reify ]
134 silly reify mark retired [
134 silly reify   'C:\\opt\\workspace\\SELPLAT\\apps\\ai-desktop\\node_modules\\hasown'
134 silly reify ]
135 silly reify mark retired [
135 silly reify   'C:\\opt\\workspace\\SELPLAT\\apps\\ai-desktop\\node_modules\\hast-util-to-jsx-runtime'
135 silly reify ]
136 silly reify mark retired [
136 silly reify   'C:\\opt\\workspace\\SELPLAT\\apps\\ai-desktop\\node_modules\\hast-util-whitespace'
136 silly reify ]
137 silly reify mark retired [
137 silly reify   'C:\\opt\\workspace\\SELPLAT\\apps\\ai-desktop\\node_modules\\hosted-git-info'
137 silly reify ]
138 silly reify mark retired [
138 silly reify   'C:\\opt\\workspace\\SELPLAT\\apps\\ai-desktop\\node_modules\\html-url-attributes'
138 silly reify ]
139 silly reify mark retired [
139 silly reify   'C:\\opt\\workspace\\SELPLAT\\apps\\ai-desktop\\node_modules\\http-cache-semantics'
139 silly reify ]
140 silly reify mark retired [
140 silly reify   'C:\\opt\\workspace\\SELPLAT\\apps\\ai-desktop\\node_modules\\http2-wrapper'
140 silly reify ]
141 silly reify mark retired [
141 silly reify   'C:\\opt\\workspace\\SELPLAT\\apps\\ai-desktop\\node_modules\\http-proxy-agent'
141 silly reify ]
142 silly reify mark retired [
142 silly reify   'C:\\opt\\workspace\\SELPLAT\\apps\\ai-desktop\\node_modules\\https-proxy-agent'
142 silly reify ]
143 silly reify mark retired [
143 silly reify   'C:\\opt\\workspace\\SELPLAT\\apps\\ai-desktop\\node_modules\\inflight'
143 silly reify ]
144 silly reify mark retired [
144 silly reify   'C:\\opt\\workspace\\SELPLAT\\apps\\ai-desktop\\node_modules\\inherits'
144 silly reify ]
145 silly reify mark retired [
145 silly reify   'C:\\opt\\workspace\\SELPLAT\\apps\\ai-desktop\\node_modules\\inline-style-parser'
145 silly reify ]
146 silly reify mark retired [
146 silly reify   'C:\\opt\\workspace\\SELPLAT\\apps\\ai-desktop\\node_modules\\is-alphabetical'
146 silly reify ]
147 silly reify mark retired [
147 silly reify   'C:\\opt\\workspace\\SELPLAT\\apps\\ai-desktop\\node_modules\\is-alphanumerical'
147 silly reify ]
148 silly reify mark retired [
148 silly reify   'C:\\opt\\workspace\\SELPLAT\\apps\\ai-desktop\\node_modules\\is-decimal'
148 silly reify ]
149 silly reify mark retired [
149 silly reify   'C:\\opt\\workspace\\SELPLAT\\apps\\ai-desktop\\node_modules\\is-fullwidth-code-point'
149 silly reify ]
150 silly reify mark retired [
150 silly reify   'C:\\opt\\workspace\\SELPLAT\\apps\\ai-desktop\\node_modules\\is-hexadecimal'
150 silly reify ]
151 silly reify mark retired [
151 silly reify   'C:\\opt\\workspace\\SELPLAT\\apps\\ai-desktop\\node_modules\\is-plain-obj'
151 silly reify ]
152 silly reify mark retired [
152 silly reify   'C:\\opt\\workspace\\SELPLAT\\apps\\ai-desktop\\node_modules\\isarray'
152 silly reify ]
153 silly reify mark retired [
153 silly reify   'C:\\opt\\workspace\\SELPLAT\\apps\\ai-desktop\\node_modules\\isexe'
153 silly reify ]
154 silly reify mark retired [
154 silly reify   'C:\\opt\\workspace\\SELPLAT\\apps\\ai-desktop\\node_modules\\isbinaryfile'
154 silly reify ]
155 silly reify mark retired [ 'C:\\opt\\workspace\\SELPLAT\\apps\\ai-desktop\\node_modules\\jake' ]
156 silly reify mark retired [ 'C:\\opt\\workspace\\SELPLAT\\apps\\ai-desktop\\node_modules\\jiti' ]
157 silly reify mark retired [
157 silly reify   'C:\\opt\\workspace\\SELPLAT\\apps\\ai-desktop\\node_modules\\js-tokens'
157 silly reify ]
158 silly reify mark retired [
158 silly reify   'C:\\opt\\workspace\\SELPLAT\\apps\\ai-desktop\\node_modules\\js-yaml'
158 silly reify ]
159 silly reify mark retired [
159 silly reify   'C:\\opt\\workspace\\SELPLAT\\apps\\ai-desktop\\node_modules\\jsesc'
159 silly reify ]
160 silly reify mark retired [
160 silly reify   'C:\\opt\\workspace\\SELPLAT\\apps\\ai-desktop\\node_modules\\json-buffer'
160 silly reify ]
161 silly reify mark retired [
161 silly reify   'C:\\opt\\workspace\\SELPLAT\\apps\\ai-desktop\\node_modules\\json-schema-traverse'
161 silly reify ]
162 silly reify mark retired [
162 silly reify   'C:\\opt\\workspace\\SELPLAT\\apps\\ai-desktop\\node_modules\\json-stringify-safe'
162 silly reify ]
163 silly reify mark retired [
163 silly reify   'C:\\opt\\workspace\\SELPLAT\\apps\\ai-desktop\\node_modules\\json5'
163 silly reify ]
164 silly reify mark retired [
164 silly reify   'C:\\opt\\workspace\\SELPLAT\\apps\\ai-desktop\\node_modules\\jsonfile'
164 silly reify ]
165 silly reify mark retired [
165 silly reify   'C:\\opt\\workspace\\SELPLAT\\apps\\ai-desktop\\node_modules\\lazy-val'
165 silly reify ]
166 silly reify mark retired [ 'C:\\opt\\workspace\\SELPLAT\\apps\\ai-desktop\\node_modules\\keyv' ]
167 silly reify mark retired [
167 silly reify   'C:\\opt\\workspace\\SELPLAT\\apps\\ai-desktop\\node_modules\\lodash'
167 silly reify ]
168 silly reify mark retired [
168 silly reify   'C:\\opt\\workspace\\SELPLAT\\apps\\ai-desktop\\node_modules\\longest-streak'
168 silly reify ]
169 silly reify mark retired [
169 silly reify   'C:\\opt\\workspace\\SELPLAT\\apps\\ai-desktop\\node_modules\\lowercase-keys'
169 silly reify ]
170 silly reify mark retired [
170 silly reify   'C:\\opt\\workspace\\SELPLAT\\apps\\ai-desktop\\node_modules\\lru-cache'
170 silly reify ]
171 silly reify mark retired [
171 silly reify   'C:\\opt\\workspace\\SELPLAT\\apps\\ai-desktop\\node_modules\\markdown-table'
171 silly reify ]
172 silly reify mark retired [
172 silly reify   'C:\\opt\\workspace\\SELPLAT\\apps\\ai-desktop\\node_modules\\matcher'
172 silly reify ]
173 silly reify mark retired [
173 silly reify   'C:\\opt\\workspace\\SELPLAT\\apps\\ai-desktop\\node_modules\\math-intrinsics'
173 silly reify ]
174 silly reify mark retired [
174 silly reify   'C:\\opt\\workspace\\SELPLAT\\apps\\ai-desktop\\node_modules\\mdast-util-find-and-replace'
174 silly reify ]
175 silly reify mark retired [
175 silly reify   'C:\\opt\\workspace\\SELPLAT\\apps\\ai-desktop\\node_modules\\mdast-util-from-markdown'
175 silly reify ]
176 silly reify mark retired [
176 silly reify   'C:\\opt\\workspace\\SELPLAT\\apps\\ai-desktop\\node_modules\\mdast-util-gfm-autolink-literal'
176 silly reify ]
177 silly reify mark retired [
177 silly reify   'C:\\opt\\workspace\\SELPLAT\\apps\\ai-desktop\\node_modules\\mdast-util-gfm'
177 silly reify ]
178 silly reify mark retired [
178 silly reify   'C:\\opt\\workspace\\SELPLAT\\apps\\ai-desktop\\node_modules\\mdast-util-gfm-footnote'
178 silly reify ]
179 silly reify mark retired [
179 silly reify   'C:\\opt\\workspace\\SELPLAT\\apps\\ai-desktop\\node_modules\\mdast-util-gfm-strikethrough'
179 silly reify ]
180 silly reify mark retired [
180 silly reify   'C:\\opt\\workspace\\SELPLAT\\apps\\ai-desktop\\node_modules\\mdast-util-gfm-table'
180 silly reify ]
181 silly reify mark retired [
181 silly reify   'C:\\opt\\workspace\\SELPLAT\\apps\\ai-desktop\\node_modules\\mdast-util-gfm-task-list-item'
181 silly reify ]
182 silly reify mark retired [
182 silly reify   'C:\\opt\\workspace\\SELPLAT\\apps\\ai-desktop\\node_modules\\mdast-util-mdx-expression'
182 silly reify ]
183 silly reify mark retired [
183 silly reify   'C:\\opt\\workspace\\SELPLAT\\apps\\ai-desktop\\node_modules\\mdast-util-mdx-jsx'
183 silly reify ]
184 silly reify mark retired [
184 silly reify   'C:\\opt\\workspace\\SELPLAT\\apps\\ai-desktop\\node_modules\\mdast-util-mdxjs-esm'
184 silly reify ]
185 silly reify mark retired [
185 silly reify   'C:\\opt\\workspace\\SELPLAT\\apps\\ai-desktop\\node_modules\\mdast-util-phrasing'
185 silly reify ]
186 silly reify mark retired [
186 silly reify   'C:\\opt\\workspace\\SELPLAT\\apps\\ai-desktop\\node_modules\\mdast-util-to-hast'
186 silly reify ]
187 silly reify mark retired [
187 silly reify   'C:\\opt\\workspace\\SELPLAT\\apps\\ai-desktop\\node_modules\\mdast-util-to-markdown'
187 silly reify ]
188 silly reify mark retired [
188 silly reify   'C:\\opt\\workspace\\SELPLAT\\apps\\ai-desktop\\node_modules\\mdast-util-to-string'
188 silly reify ]
189 silly reify mark retired [
189 silly reify   'C:\\opt\\workspace\\SELPLAT\\apps\\ai-desktop\\node_modules\\micromark'
189 silly reify ]
190 silly reify mark retired [
190 silly reify   'C:\\opt\\workspace\\SELPLAT\\apps\\ai-desktop\\node_modules\\micromark-extension-gfm'
190 silly reify ]
191 silly reify mark retired [
191 silly reify   'C:\\opt\\workspace\\SELPLAT\\apps\\ai-desktop\\node_modules\\micromark-core-commonmark'
191 silly reify ]
192 silly reify mark retired [
192 silly reify   'C:\\opt\\workspace\\SELPLAT\\apps\\ai-desktop\\node_modules\\micromark-extension-gfm-autolink-literal'
192 silly reify ]
193 silly reify mark retired [
193 silly reify   'C:\\opt\\workspace\\SELPLAT\\apps\\ai-desktop\\node_modules\\micromark-extension-gfm-footnote'
193 silly reify ]
194 silly reify mark retired [
194 silly reify   'C:\\opt\\workspace\\SELPLAT\\apps\\ai-desktop\\node_modules\\micromark-extension-gfm-strikethrough'
194 silly reify ]
195 silly reify mark retired [
195 silly reify   'C:\\opt\\workspace\\SELPLAT\\apps\\ai-desktop\\node_modules\\micromark-extension-gfm-table'
195 silly reify ]
196 silly reify mark retired [
196 silly reify   'C:\\opt\\workspace\\SELPLAT\\apps\\ai-desktop\\node_modules\\micromark-extension-gfm-tagfilter'
196 silly reify ]
197 silly reify mark retired [
197 silly reify   'C:\\opt\\workspace\\SELPLAT\\apps\\ai-desktop\\node_modules\\micromark-extension-gfm-task-list-item'
197 silly reify ]
198 silly reify mark retired [
198 silly reify   'C:\\opt\\workspace\\SELPLAT\\apps\\ai-desktop\\node_modules\\micromark-factory-destination'
198 silly reify ]
199 silly reify mark retired [
199 silly reify   'C:\\opt\\workspace\\SELPLAT\\apps\\ai-desktop\\node_modules\\micromark-factory-label'
199 silly reify ]
200 silly reify mark retired [
200 silly reify   'C:\\opt\\workspace\\SELPLAT\\apps\\ai-desktop\\node_modules\\micromark-factory-space'
200 silly reify ]
201 silly reify mark retired [
201 silly reify   'C:\\opt\\workspace\\SELPLAT\\apps\\ai-desktop\\node_modules\\micromark-factory-title'
201 silly reify ]
202 silly reify mark retired [
202 silly reify   'C:\\opt\\workspace\\SELPLAT\\apps\\ai-desktop\\node_modules\\micromark-factory-whitespace'
202 silly reify ]
203 silly reify mark retired [
203 silly reify   'C:\\opt\\workspace\\SELPLAT\\apps\\ai-desktop\\node_modules\\micromark-util-character'
203 silly reify ]
204 silly reify mark retired [
204 silly reify   'C:\\opt\\workspace\\SELPLAT\\apps\\ai-desktop\\node_modules\\micromark-util-chunked'
204 silly reify ]
205 silly reify mark retired [
205 silly reify   'C:\\opt\\workspace\\SELPLAT\\apps\\ai-desktop\\node_modules\\micromark-util-classify-character'
205 silly reify ]
206 silly reify mark retired [
206 silly reify   'C:\\opt\\workspace\\SELPLAT\\apps\\ai-desktop\\node_modules\\micromark-util-combine-extensions'
206 silly reify ]
207 silly reify mark retired [
207 silly reify   'C:\\opt\\workspace\\SELPLAT\\apps\\ai-desktop\\node_modules\\micromark-util-decode-numeric-character-reference'
207 silly reify ]
208 silly reify mark retired [
208 silly reify   'C:\\opt\\workspace\\SELPLAT\\apps\\ai-desktop\\node_modules\\micromark-util-decode-string'
208 silly reify ]
209 silly reify mark retired [
209 silly reify   'C:\\opt\\workspace\\SELPLAT\\apps\\ai-desktop\\node_modules\\micromark-util-encode'
209 silly reify ]
210 silly reify mark retired [
210 silly reify   'C:\\opt\\workspace\\SELPLAT\\apps\\ai-desktop\\node_modules\\micromark-util-html-tag-name'
210 silly reify ]
211 silly reify mark retired [
211 silly reify   'C:\\opt\\workspace\\SELPLAT\\apps\\ai-desktop\\node_modules\\micromark-util-normalize-identifier'
211 silly reify ]
212 silly reify mark retired [
212 silly reify   'C:\\opt\\workspace\\SELPLAT\\apps\\ai-desktop\\node_modules\\micromark-util-resolve-all'
212 silly reify ]
213 silly reify mark retired [
213 silly reify   'C:\\opt\\workspace\\SELPLAT\\apps\\ai-desktop\\node_modules\\micromark-util-sanitize-uri'
213 silly reify ]
214 silly reify mark retired [
214 silly reify   'C:\\opt\\workspace\\SELPLAT\\apps\\ai-desktop\\node_modules\\micromark-util-symbol'
214 silly reify ]
215 silly reify mark retired [
215 silly reify   'C:\\opt\\workspace\\SELPLAT\\apps\\ai-desktop\\node_modules\\micromark-util-subtokenize'
215 silly reify ]
216 silly reify mark retired [
216 silly reify   'C:\\opt\\workspace\\SELPLAT\\apps\\ai-desktop\\node_modules\\micromark-util-types'
216 silly reify ]
217 silly reify mark retired [ 'C:\\opt\\workspace\\SELPLAT\\apps\\ai-desktop\\node_modules\\mime' ]
218 silly reify mark retired [
218 silly reify   'C:\\opt\\workspace\\SELPLAT\\apps\\ai-desktop\\node_modules\\mime-types'
218 silly reify ]
219 silly reify mark retired [
219 silly reify   'C:\\opt\\workspace\\SELPLAT\\apps\\ai-desktop\\node_modules\\mime-db'
219 silly reify ]
220 silly reify mark retired [
220 silly reify   'C:\\opt\\workspace\\SELPLAT\\apps\\ai-desktop\\node_modules\\mimic-response'
220 silly reify ]
221 silly reify mark retired [
221 silly reify   'C:\\opt\\workspace\\SELPLAT\\apps\\ai-desktop\\node_modules\\minimatch'
221 silly reify ]
222 silly reify mark retired [
222 silly reify   'C:\\opt\\workspace\\SELPLAT\\apps\\ai-desktop\\node_modules\\minimist'
222 silly reify ]
223 silly reify mark retired [
223 silly reify   'C:\\opt\\workspace\\SELPLAT\\apps\\ai-desktop\\node_modules\\minipass'
223 silly reify ]
224 silly reify mark retired [
224 silly reify   'C:\\opt\\workspace\\SELPLAT\\apps\\ai-desktop\\node_modules\\minizlib'
224 silly reify ]
225 silly reify mark retired [
225 silly reify   'C:\\opt\\workspace\\SELPLAT\\apps\\ai-desktop\\node_modules\\mkdirp'
225 silly reify ]
226 silly reify mark retired [ 'C:\\opt\\workspace\\SELPLAT\\apps\\ai-desktop\\node_modules\\ms' ]
227 silly reify mark retired [
227 silly reify   'C:\\opt\\workspace\\SELPLAT\\apps\\ai-desktop\\node_modules\\nanoid'
227 silly reify ]
228 silly reify mark retired [
228 silly reify   'C:\\opt\\workspace\\SELPLAT\\apps\\ai-desktop\\node_modules\\node-abi'
228 silly reify ]
229 silly reify mark retired [
229 silly reify   'C:\\opt\\workspace\\SELPLAT\\apps\\ai-desktop\\node_modules\\node-api-version'
229 silly reify ]
230 silly reify mark retired [
230 silly reify   'C:\\opt\\workspace\\SELPLAT\\apps\\ai-desktop\\node_modules\\node-gyp'
230 silly reify ]
231 silly reify mark retired [
231 silly reify   'C:\\opt\\workspace\\SELPLAT\\apps\\ai-desktop\\node_modules\\node-int64'
231 silly reify ]
232 silly reify mark retired [
232 silly reify   'C:\\opt\\workspace\\SELPLAT\\apps\\ai-desktop\\node_modules\\node-releases'
232 silly reify ]
233 silly reify mark retired [ 'C:\\opt\\workspace\\SELPLAT\\apps\\ai-desktop\\node_modules\\nopt' ]
234 silly reify mark retired [
234 silly reify   'C:\\opt\\workspace\\SELPLAT\\apps\\ai-desktop\\node_modules\\normalize-url'
234 silly reify ]
235 silly reify mark retired [
235 silly reify   'C:\\opt\\workspace\\SELPLAT\\apps\\ai-desktop\\node_modules\\object-keys'
235 silly reify ]
236 silly reify mark retired [ 'C:\\opt\\workspace\\SELPLAT\\apps\\ai-desktop\\node_modules\\once' ]
237 silly reify mark retired [
237 silly reify   'C:\\opt\\workspace\\SELPLAT\\apps\\ai-desktop\\node_modules\\p-cancelable'
237 silly reify ]
238 silly reify mark retired [
238 silly reify   'C:\\opt\\workspace\\SELPLAT\\apps\\ai-desktop\\node_modules\\p-limit'
238 silly reify ]
239 silly reify mark retired [
239 silly reify   'C:\\opt\\workspace\\SELPLAT\\apps\\ai-desktop\\node_modules\\parse-entities'
239 silly reify ]
240 silly reify mark retired [
240 silly reify   'C:\\opt\\workspace\\SELPLAT\\apps\\ai-desktop\\node_modules\\path-is-absolute'
240 silly reify ]
241 silly reify mark retired [
241 silly reify   'C:\\opt\\workspace\\SELPLAT\\apps\\ai-desktop\\node_modules\\path-key'
241 silly reify ]
242 silly reify mark retired [ 'C:\\opt\\workspace\\SELPLAT\\apps\\ai-desktop\\node_modules\\pend' ]
243 silly reify mark retired [
243 silly reify   'C:\\opt\\workspace\\SELPLAT\\apps\\ai-desktop\\node_modules\\pe-library'
243 silly reify ]
244 silly reify mark retired [
244 silly reify   'C:\\opt\\workspace\\SELPLAT\\apps\\ai-desktop\\node_modules\\picocolors'
244 silly reify ]
245 silly reify mark retired [
245 silly reify   'C:\\opt\\workspace\\SELPLAT\\apps\\ai-desktop\\node_modules\\picomatch'
245 silly reify ]
246 silly reify mark retired [
246 silly reify   'C:\\opt\\workspace\\SELPLAT\\apps\\ai-desktop\\node_modules\\pkijs'
246 silly reify ]
247 silly reify mark retired [
247 silly reify   'C:\\opt\\workspace\\SELPLAT\\apps\\ai-desktop\\node_modules\\playwright'
247 silly reify ]
248 silly reify mark retired [
248 silly reify   'C:\\opt\\workspace\\SELPLAT\\apps\\ai-desktop\\node_modules\\playwright-core'
248 silly reify ]
249 silly reify mark retired [
249 silly reify   'C:\\opt\\workspace\\SELPLAT\\apps\\ai-desktop\\node_modules\\plist'
249 silly reify ]
250 silly reify mark retired [
250 silly reify   'C:\\opt\\workspace\\SELPLAT\\apps\\ai-desktop\\node_modules\\postject'
250 silly reify ]
251 silly reify mark retired [
251 silly reify   'C:\\opt\\workspace\\SELPLAT\\apps\\ai-desktop\\node_modules\\postcss'
251 silly reify ]
252 silly reify mark retired [
252 silly reify   'C:\\opt\\workspace\\SELPLAT\\apps\\ai-desktop\\node_modules\\proc-log'
252 silly reify ]
253 silly reify mark retired [
253 silly reify   'C:\\opt\\workspace\\SELPLAT\\apps\\ai-desktop\\node_modules\\process-nextick-args'
253 silly reify ]
254 silly reify mark retired [
254 silly reify   'C:\\opt\\workspace\\SELPLAT\\apps\\ai-desktop\\node_modules\\progress'
254 silly reify ]
255 silly reify mark retired [
255 silly reify   'C:\\opt\\workspace\\SELPLAT\\apps\\ai-desktop\\node_modules\\proper-lockfile'
255 silly reify ]
256 silly reify mark retired [
256 silly reify   'C:\\opt\\workspace\\SELPLAT\\apps\\ai-desktop\\node_modules\\promise-retry'
256 silly reify ]
257 silly reify mark retired [
257 silly reify   'C:\\opt\\workspace\\SELPLAT\\apps\\ai-desktop\\node_modules\\property-information'
257 silly reify ]
258 silly reify mark retired [ 'C:\\opt\\workspace\\SELPLAT\\apps\\ai-desktop\\node_modules\\pump' ]
259 silly reify mark retired [
259 silly reify   'C:\\opt\\workspace\\SELPLAT\\apps\\ai-desktop\\node_modules\\pvutils'
259 silly reify ]
260 silly reify mark retired [
260 silly reify   'C:\\opt\\workspace\\SELPLAT\\apps\\ai-desktop\\node_modules\\pvtsutils'
260 silly reify ]
261 silly reify mark retired [
261 silly reify   'C:\\opt\\workspace\\SELPLAT\\apps\\ai-desktop\\node_modules\\quick-lru'
261 silly reify ]
262 silly reify mark retired [
262 silly reify   'C:\\opt\\workspace\\SELPLAT\\apps\\ai-desktop\\node_modules\\react'
262 silly reify ]
263 silly reify mark retired [
263 silly reify   'C:\\opt\\workspace\\SELPLAT\\apps\\ai-desktop\\node_modules\\react-dom'
263 silly reify ]
264 silly reify mark retired [
264 silly reify   'C:\\opt\\workspace\\SELPLAT\\apps\\ai-desktop\\node_modules\\react-markdown'
264 silly reify ]
265 silly reify mark retired [
265 silly reify   'C:\\opt\\workspace\\SELPLAT\\apps\\ai-desktop\\node_modules\\react-refresh'
265 silly reify ]
266 silly reify mark retired [
266 silly reify   'C:\\opt\\workspace\\SELPLAT\\apps\\ai-desktop\\node_modules\\read-binary-file-arch'
266 silly reify ]
267 silly reify mark retired [
267 silly reify   'C:\\opt\\workspace\\SELPLAT\\apps\\ai-desktop\\node_modules\\readable-stream'
267 silly reify ]
268 silly reify mark retired [
268 silly reify   'C:\\opt\\workspace\\SELPLAT\\apps\\ai-desktop\\node_modules\\remark-gfm'
268 silly reify ]
269 silly reify mark retired [
269 silly reify   'C:\\opt\\workspace\\SELPLAT\\apps\\ai-desktop\\node_modules\\remark-rehype'
269 silly reify ]
270 silly reify mark retired [
270 silly reify   'C:\\opt\\workspace\\SELPLAT\\apps\\ai-desktop\\node_modules\\remark-parse'
270 silly reify ]
271 silly reify mark retired [
271 silly reify   'C:\\opt\\workspace\\SELPLAT\\apps\\ai-desktop\\node_modules\\remark-stringify'
271 silly reify ]
272 silly reify mark retired [
272 silly reify   'C:\\opt\\workspace\\SELPLAT\\apps\\ai-desktop\\node_modules\\require-directory'
272 silly reify ]
273 silly reify mark retired [
273 silly reify   'C:\\opt\\workspace\\SELPLAT\\apps\\ai-desktop\\node_modules\\require-from-string'
273 silly reify ]
274 silly reify mark retired [
274 silly reify   'C:\\opt\\workspace\\SELPLAT\\apps\\ai-desktop\\node_modules\\resedit'
274 silly reify ]
275 silly reify mark retired [
275 silly reify   'C:\\opt\\workspace\\SELPLAT\\apps\\ai-desktop\\node_modules\\resolve-alpn'
275 silly reify ]
276 silly reify mark retired [
276 silly reify   'C:\\opt\\workspace\\SELPLAT\\apps\\ai-desktop\\node_modules\\responselike'
276 silly reify ]
277 silly reify mark retired [
277 silly reify   'C:\\opt\\workspace\\SELPLAT\\apps\\ai-desktop\\node_modules\\retry'
277 silly reify ]
278 silly reify mark retired [
278 silly reify   'C:\\opt\\workspace\\SELPLAT\\apps\\ai-desktop\\node_modules\\rimraf'
278 silly reify ]
279 silly reify mark retired [
279 silly reify   'C:\\opt\\workspace\\SELPLAT\\apps\\ai-desktop\\node_modules\\roarr'
279 silly reify ]
280 silly reify mark retired [
280 silly reify   'C:\\opt\\workspace\\SELPLAT\\apps\\ai-desktop\\node_modules\\rollup'
280 silly reify ]
281 silly reify mark retired [
281 silly reify   'C:\\opt\\workspace\\SELPLAT\\apps\\ai-desktop\\node_modules\\rtl-css-js'
281 silly reify ]
282 silly reify mark retired [
282 silly reify   'C:\\opt\\workspace\\SELPLAT\\apps\\ai-desktop\\node_modules\\safe-buffer'
282 silly reify ]
283 silly reify mark retired [
283 silly reify   'C:\\opt\\workspace\\SELPLAT\\apps\\ai-desktop\\node_modules\\sanitize-filename'
283 silly reify ]
284 silly reify mark retired [ 'C:\\opt\\workspace\\SELPLAT\\apps\\ai-desktop\\node_modules\\sax' ]
285 silly reify mark retired [
285 silly reify   'C:\\opt\\workspace\\SELPLAT\\apps\\ai-desktop\\node_modules\\semver'
285 silly reify ]
286 silly reify mark retired [
286 silly reify   'C:\\opt\\workspace\\SELPLAT\\apps\\ai-desktop\\node_modules\\scheduler'
286 silly reify ]
287 silly reify mark retired [
287 silly reify   'C:\\opt\\workspace\\SELPLAT\\apps\\ai-desktop\\node_modules\\semver-compare'
287 silly reify ]
288 silly reify mark retired [
288 silly reify   'C:\\opt\\workspace\\SELPLAT\\apps\\ai-desktop\\node_modules\\serialize-error'
288 silly reify ]
289 silly reify mark retired [
289 silly reify   'C:\\opt\\workspace\\SELPLAT\\apps\\ai-desktop\\node_modules\\shebang-regex'
289 silly reify ]
290 silly reify mark retired [
290 silly reify   'C:\\opt\\workspace\\SELPLAT\\apps\\ai-desktop\\node_modules\\shebang-command'
290 silly reify ]
291 silly reify mark retired [
291 silly reify   'C:\\opt\\workspace\\SELPLAT\\apps\\ai-desktop\\node_modules\\signal-exit'
291 silly reify ]
292 silly reify mark retired [
292 silly reify   'C:\\opt\\workspace\\SELPLAT\\apps\\ai-desktop\\node_modules\\simple-update-notifier'
292 silly reify ]
293 silly reify mark retired [
293 silly reify   'C:\\opt\\workspace\\SELPLAT\\apps\\ai-desktop\\node_modules\\source-map'
293 silly reify ]
294 silly reify mark retired [
294 silly reify   'C:\\opt\\workspace\\SELPLAT\\apps\\ai-desktop\\node_modules\\source-map-js'
294 silly reify ]
295 silly reify mark retired [
295 silly reify   'C:\\opt\\workspace\\SELPLAT\\apps\\ai-desktop\\node_modules\\space-separated-tokens'
295 silly reify ]
296 silly reify mark retired [
296 silly reify   'C:\\opt\\workspace\\SELPLAT\\apps\\ai-desktop\\node_modules\\source-map-support'
296 silly reify ]
297 silly reify mark retired [
297 silly reify   'C:\\opt\\workspace\\SELPLAT\\apps\\ai-desktop\\node_modules\\sprintf-js'
297 silly reify ]
298 silly reify mark retired [
298 silly reify   'C:\\opt\\workspace\\SELPLAT\\apps\\ai-desktop\\node_modules\\stat-mode'
298 silly reify ]
299 silly reify mark retired [
299 silly reify   'C:\\opt\\workspace\\SELPLAT\\apps\\ai-desktop\\node_modules\\stringify-entities'
299 silly reify ]
300 silly reify mark retired [
300 silly reify   'C:\\opt\\workspace\\SELPLAT\\apps\\ai-desktop\\node_modules\\string-width'
300 silly reify ]
301 silly reify mark retired [
301 silly reify   'C:\\opt\\workspace\\SELPLAT\\apps\\ai-desktop\\node_modules\\string_decoder'
301 silly reify ]
302 silly reify mark retired [
302 silly reify   'C:\\opt\\workspace\\SELPLAT\\apps\\ai-desktop\\node_modules\\strip-ansi'
302 silly reify ]
303 silly reify mark retired [
303 silly reify   'C:\\opt\\workspace\\SELPLAT\\apps\\ai-desktop\\node_modules\\style-to-js'
303 silly reify ]
304 silly reify mark retired [
304 silly reify   'C:\\opt\\workspace\\SELPLAT\\apps\\ai-desktop\\node_modules\\style-to-object'
304 silly reify ]
305 silly reify mark retired [
305 silly reify   'C:\\opt\\workspace\\SELPLAT\\apps\\ai-desktop\\node_modules\\stylis'
305 silly reify ]
306 silly reify mark retired [
306 silly reify   'C:\\opt\\workspace\\SELPLAT\\apps\\ai-desktop\\node_modules\\sumchecker'
306 silly reify ]
307 silly reify mark retired [ 'C:\\opt\\workspace\\SELPLAT\\apps\\ai-desktop\\node_modules\\tar' ]
308 silly reify mark retired [ 'C:\\opt\\workspace\\SELPLAT\\apps\\ai-desktop\\node_modules\\temp' ]
309 silly reify mark retired [
309 silly reify   'C:\\opt\\workspace\\SELPLAT\\apps\\ai-desktop\\node_modules\\temp-file'
309 silly reify ]
310 silly reify mark retired [
310 silly reify   'C:\\opt\\workspace\\SELPLAT\\apps\\ai-desktop\\node_modules\\tiny-async-pool'
310 silly reify ]
311 silly reify mark retired [
311 silly reify   'C:\\opt\\workspace\\SELPLAT\\apps\\ai-desktop\\node_modules\\tinyglobby'
311 silly reify ]
312 silly reify mark retired [ 'C:\\opt\\workspace\\SELPLAT\\apps\\ai-desktop\\node_modules\\tmp' ]
313 silly reify mark retired [
313 silly reify   'C:\\opt\\workspace\\SELPLAT\\apps\\ai-desktop\\node_modules\\tmp-promise'
313 silly reify ]
314 silly reify mark retired [
314 silly reify   'C:\\opt\\workspace\\SELPLAT\\apps\\ai-desktop\\node_modules\\trim-lines'
314 silly reify ]
315 silly reify mark retired [
315 silly reify   'C:\\opt\\workspace\\SELPLAT\\apps\\ai-desktop\\node_modules\\trough'
315 silly reify ]
316 silly reify mark retired [
316 silly reify   'C:\\opt\\workspace\\SELPLAT\\apps\\ai-desktop\\node_modules\\truncate-utf8-bytes'
316 silly reify ]
317 silly reify mark retired [
317 silly reify   'C:\\opt\\workspace\\SELPLAT\\apps\\ai-desktop\\node_modules\\tslib'
317 silly reify ]
318 silly reify mark retired [
318 silly reify   'C:\\opt\\workspace\\SELPLAT\\apps\\ai-desktop\\node_modules\\type-fest'
318 silly reify ]
319 silly reify mark retired [
319 silly reify   'C:\\opt\\workspace\\SELPLAT\\apps\\ai-desktop\\node_modules\\undici'
319 silly reify ]
320 silly reify mark retired [
320 silly reify   'C:\\opt\\workspace\\SELPLAT\\apps\\ai-desktop\\node_modules\\typescript'
320 silly reify ]
321 silly reify mark retired [
321 silly reify   'C:\\opt\\workspace\\SELPLAT\\apps\\ai-desktop\\node_modules\\undici-types'
321 silly reify ]
322 silly reify mark retired [
322 silly reify   'C:\\opt\\workspace\\SELPLAT\\apps\\ai-desktop\\node_modules\\unified'
322 silly reify ]
323 silly reify mark retired [
323 silly reify   'C:\\opt\\workspace\\SELPLAT\\apps\\ai-desktop\\node_modules\\unist-util-is'
323 silly reify ]
324 silly reify mark retired [
324 silly reify   'C:\\opt\\workspace\\SELPLAT\\apps\\ai-desktop\\node_modules\\unist-util-position'
324 silly reify ]
325 silly reify mark retired [
325 silly reify   'C:\\opt\\workspace\\SELPLAT\\apps\\ai-desktop\\node_modules\\unist-util-stringify-position'
325 silly reify ]
326 silly reify mark retired [
326 silly reify   'C:\\opt\\workspace\\SELPLAT\\apps\\ai-desktop\\node_modules\\unist-util-visit'
326 silly reify ]
327 silly reify mark retired [
327 silly reify   'C:\\opt\\workspace\\SELPLAT\\apps\\ai-desktop\\node_modules\\universalify'
327 silly reify ]
328 silly reify mark retired [
328 silly reify   'C:\\opt\\workspace\\SELPLAT\\apps\\ai-desktop\\node_modules\\unist-util-visit-parents'
328 silly reify ]
329 silly reify mark retired [
329 silly reify   'C:\\opt\\workspace\\SELPLAT\\apps\\ai-desktop\\node_modules\\unzipper'
329 silly reify ]
330 silly reify mark retired [
330 silly reify   'C:\\opt\\workspace\\SELPLAT\\apps\\ai-desktop\\node_modules\\update-browserslist-db'
330 silly reify ]
331 silly reify mark retired [
331 silly reify   'C:\\opt\\workspace\\SELPLAT\\apps\\ai-desktop\\node_modules\\utf8-byte-length'
331 silly reify ]
332 silly reify mark retired [
332 silly reify   'C:\\opt\\workspace\\SELPLAT\\apps\\ai-desktop\\node_modules\\util-deprecate'
332 silly reify ]
333 silly reify mark retired [
333 silly reify   'C:\\opt\\workspace\\SELPLAT\\apps\\ai-desktop\\node_modules\\vfile'
333 silly reify ]
334 silly reify mark retired [
334 silly reify   'C:\\opt\\workspace\\SELPLAT\\apps\\ai-desktop\\node_modules\\vfile-message'
334 silly reify ]
335 silly reify mark retired [ 'C:\\opt\\workspace\\SELPLAT\\apps\\ai-desktop\\node_modules\\vite' ]
336 silly reify mark retired [
336 silly reify   'C:\\opt\\workspace\\SELPLAT\\apps\\ai-desktop\\node_modules\\webcrypto-core'
336 silly reify ]
337 silly reify mark retired [
337 silly reify   'C:\\opt\\workspace\\SELPLAT\\apps\\ai-desktop\\node_modules\\which'
337 silly reify ]
338 silly reify mark retired [
338 silly reify   'C:\\opt\\workspace\\SELPLAT\\apps\\ai-desktop\\node_modules\\wrap-ansi'
338 silly reify ]
339 silly reify mark retired [
339 silly reify   'C:\\opt\\workspace\\SELPLAT\\apps\\ai-desktop\\node_modules\\xmlbuilder'
339 silly reify ]
340 silly reify mark retired [
340 silly reify   'C:\\opt\\workspace\\SELPLAT\\apps\\ai-desktop\\node_modules\\wrappy'
340 silly reify ]
341 silly reify mark retired [ 'C:\\opt\\workspace\\SELPLAT\\apps\\ai-desktop\\node_modules\\y18n' ]
342 silly reify mark retired [
342 silly reify   'C:\\opt\\workspace\\SELPLAT\\apps\\ai-desktop\\node_modules\\yallist'
342 silly reify ]
343 silly reify mark retired [
343 silly reify   'C:\\opt\\workspace\\SELPLAT\\apps\\ai-desktop\\node_modules\\yargs'
343 silly reify ]
344 silly reify mark retired [
344 silly reify   'C:\\opt\\workspace\\SELPLAT\\apps\\ai-desktop\\node_modules\\yargs-parser'
344 silly reify ]
345 silly reify mark retired [
345 silly reify   'C:\\opt\\workspace\\SELPLAT\\apps\\ai-desktop\\node_modules\\yauzl'
345 silly reify ]
346 silly reify mark retired [
346 silly reify   'C:\\opt\\workspace\\SELPLAT\\apps\\ai-desktop\\node_modules\\yocto-queue'
346 silly reify ]
347 silly reify mark retired [
347 silly reify   'C:\\opt\\workspace\\SELPLAT\\apps\\ai-desktop\\node_modules\\zwitch'
347 silly reify ]
348 silly reify mark retired [
348 silly reify   'C:\\opt\\workspace\\SELPLAT\\apps\\ai-desktop\\node_modules\\@babel\\code-frame'
348 silly reify ]
349 silly reify mark retired [
349 silly reify   'C:\\opt\\workspace\\SELPLAT\\apps\\ai-desktop\\node_modules\\@babel\\core'
349 silly reify ]
350 silly reify mark retired [
350 silly reify   'C:\\opt\\workspace\\SELPLAT\\apps\\ai-desktop\\node_modules\\@babel\\compat-data'
350 silly reify ]
351 silly reify mark retired [
351 silly reify   'C:\\opt\\workspace\\SELPLAT\\apps\\ai-desktop\\node_modules\\@babel\\generator'
351 silly reify ]
352 silly reify mark retired [
352 silly reify   'C:\\opt\\workspace\\SELPLAT\\apps\\ai-desktop\\node_modules\\@babel\\helper-compilation-targets'
352 silly reify ]
353 silly reify mark retired [
353 silly reify   'C:\\opt\\workspace\\SELPLAT\\apps\\ai-desktop\\node_modules\\@babel\\helper-module-imports'
353 silly reify ]
354 silly reify mark retired [
354 silly reify   'C:\\opt\\workspace\\SELPLAT\\apps\\ai-desktop\\node_modules\\@babel\\helper-globals'
354 silly reify ]
355 silly reify mark retired [
355 silly reify   'C:\\opt\\workspace\\SELPLAT\\apps\\ai-desktop\\node_modules\\@babel\\helper-module-transforms'
355 silly reify ]
356 silly reify mark retired [
356 silly reify   'C:\\opt\\workspace\\SELPLAT\\apps\\ai-desktop\\node_modules\\@babel\\helper-plugin-utils'
356 silly reify ]
357 silly reify mark retired [
357 silly reify   'C:\\opt\\workspace\\SELPLAT\\apps\\ai-desktop\\node_modules\\@babel\\helper-string-parser'
357 silly reify ]
358 silly reify mark retired [
358 silly reify   'C:\\opt\\workspace\\SELPLAT\\apps\\ai-desktop\\node_modules\\@babel\\helper-validator-identifier'
358 silly reify ]
359 silly reify mark retired [
359 silly reify   'C:\\opt\\workspace\\SELPLAT\\apps\\ai-desktop\\node_modules\\@babel\\helper-validator-option'
359 silly reify ]
360 silly reify mark retired [
360 silly reify   'C:\\opt\\workspace\\SELPLAT\\apps\\ai-desktop\\node_modules\\@babel\\helpers'
360 silly reify ]
361 silly reify mark retired [
361 silly reify   'C:\\opt\\workspace\\SELPLAT\\apps\\ai-desktop\\node_modules\\@babel\\parser'
361 silly reify ]
362 silly reify mark retired [
362 silly reify   'C:\\opt\\workspace\\SELPLAT\\apps\\ai-desktop\\node_modules\\@babel\\plugin-transform-react-jsx-self'
362 silly reify ]
363 silly reify mark retired [
363 silly reify   'C:\\opt\\workspace\\SELPLAT\\apps\\ai-desktop\\node_modules\\@babel\\plugin-transform-react-jsx-source'
363 silly reify ]
364 silly reify mark retired [
364 silly reify   'C:\\opt\\workspace\\SELPLAT\\apps\\ai-desktop\\node_modules\\@babel\\runtime'
364 silly reify ]
365 silly reify mark retired [
365 silly reify   'C:\\opt\\workspace\\SELPLAT\\apps\\ai-desktop\\node_modules\\@babel\\template'
365 silly reify ]
366 silly reify mark retired [
366 silly reify   'C:\\opt\\workspace\\SELPLAT\\apps\\ai-desktop\\node_modules\\@babel\\traverse'
366 silly reify ]
367 silly reify mark retired [
367 silly reify   'C:\\opt\\workspace\\SELPLAT\\apps\\ai-desktop\\node_modules\\@babel\\types'
367 silly reify ]
368 silly reify mark retired [
368 silly reify   'C:\\opt\\workspace\\SELPLAT\\apps\\ai-desktop\\node_modules\\@electron\\asar'
368 silly reify ]
369 silly reify mark retired [
369 silly reify   'C:\\opt\\workspace\\SELPLAT\\apps\\ai-desktop\\node_modules\\@electron\\get'
369 silly reify ]
370 silly reify mark retired [
370 silly reify   'C:\\opt\\workspace\\SELPLAT\\apps\\ai-desktop\\node_modules\\@electron\\fuses'
370 silly reify ]
371 silly reify mark retired [
371 silly reify   'C:\\opt\\workspace\\SELPLAT\\apps\\ai-desktop\\node_modules\\@electron\\notarize'
371 silly reify ]
372 silly reify mark retired [
372 silly reify   'C:\\opt\\workspace\\SELPLAT\\apps\\ai-desktop\\node_modules\\@electron\\osx-sign'
372 silly reify ]
373 silly reify mark retired [
373 silly reify   'C:\\opt\\workspace\\SELPLAT\\apps\\ai-desktop\\node_modules\\@electron\\rebuild'
373 silly reify ]
374 silly reify mark retired [
374 silly reify   'C:\\opt\\workspace\\SELPLAT\\apps\\ai-desktop\\node_modules\\@electron\\universal'
374 silly reify ]
375 silly reify mark retired [
375 silly reify   'C:\\opt\\workspace\\SELPLAT\\apps\\ai-desktop\\node_modules\\@electron\\windows-sign'
375 silly reify ]
376 silly reify mark retired [
376 silly reify   'C:\\opt\\workspace\\SELPLAT\\apps\\ai-desktop\\node_modules\\@emotion\\hash'
376 silly reify ]
377 silly reify mark retired [
377 silly reify   'C:\\opt\\workspace\\SELPLAT\\apps\\ai-desktop\\node_modules\\@esbuild\\aix-ppc64'
377 silly reify ]
378 silly reify mark retired [
378 silly reify   'C:\\opt\\workspace\\SELPLAT\\apps\\ai-desktop\\node_modules\\@esbuild\\android-arm'
378 silly reify ]
379 silly reify mark retired [
379 silly reify   'C:\\opt\\workspace\\SELPLAT\\apps\\ai-desktop\\node_modules\\@esbuild\\android-arm64'
379 silly reify ]
380 silly reify mark retired [
380 silly reify   'C:\\opt\\workspace\\SELPLAT\\apps\\ai-desktop\\node_modules\\@esbuild\\android-x64'
380 silly reify ]
381 silly reify mark retired [
381 silly reify   'C:\\opt\\workspace\\SELPLAT\\apps\\ai-desktop\\node_modules\\@esbuild\\darwin-arm64'
381 silly reify ]
382 silly reify mark retired [
382 silly reify   'C:\\opt\\workspace\\SELPLAT\\apps\\ai-desktop\\node_modules\\@esbuild\\darwin-x64'
382 silly reify ]
383 silly reify mark retired [
383 silly reify   'C:\\opt\\workspace\\SELPLAT\\apps\\ai-desktop\\node_modules\\@esbuild\\freebsd-arm64'
383 silly reify ]
384 silly reify mark retired [
384 silly reify   'C:\\opt\\workspace\\SELPLAT\\apps\\ai-desktop\\node_modules\\@esbuild\\freebsd-x64'
384 silly reify ]
385 silly reify mark retired [
385 silly reify   'C:\\opt\\workspace\\SELPLAT\\apps\\ai-desktop\\node_modules\\@esbuild\\linux-arm'
385 silly reify ]
386 silly reify mark retired [
386 silly reify   'C:\\opt\\workspace\\SELPLAT\\apps\\ai-desktop\\node_modules\\@esbuild\\linux-arm64'
386 silly reify ]
387 silly reify mark retired [
387 silly reify   'C:\\opt\\workspace\\SELPLAT\\apps\\ai-desktop\\node_modules\\@esbuild\\linux-ia32'
387 silly reify ]
388 silly reify mark retired [
388 silly reify   'C:\\opt\\workspace\\SELPLAT\\apps\\ai-desktop\\node_modules\\@esbuild\\linux-loong64'
388 silly reify ]
389 silly reify mark retired [
389 silly reify   'C:\\opt\\workspace\\SELPLAT\\apps\\ai-desktop\\node_modules\\@esbuild\\linux-mips64el'
389 silly reify ]
390 silly reify mark retired [
390 silly reify   'C:\\opt\\workspace\\SELPLAT\\apps\\ai-desktop\\node_modules\\@esbuild\\linux-ppc64'
390 silly reify ]
391 silly reify mark retired [
391 silly reify   'C:\\opt\\workspace\\SELPLAT\\apps\\ai-desktop\\node_modules\\@esbuild\\linux-riscv64'
391 silly reify ]
392 silly reify mark retired [
392 silly reify   'C:\\opt\\workspace\\SELPLAT\\apps\\ai-desktop\\node_modules\\@esbuild\\linux-s390x'
392 silly reify ]
393 silly reify mark retired [
393 silly reify   'C:\\opt\\workspace\\SELPLAT\\apps\\ai-desktop\\node_modules\\@esbuild\\linux-x64'
393 silly reify ]
394 silly reify mark retired [
394 silly reify   'C:\\opt\\workspace\\SELPLAT\\apps\\ai-desktop\\node_modules\\@esbuild\\netbsd-arm64'
394 silly reify ]
395 silly reify mark retired [
395 silly reify   'C:\\opt\\workspace\\SELPLAT\\apps\\ai-desktop\\node_modules\\@esbuild\\netbsd-x64'
395 silly reify ]
396 silly reify mark retired [
396 silly reify   'C:\\opt\\workspace\\SELPLAT\\apps\\ai-desktop\\node_modules\\@esbuild\\openbsd-arm64'
396 silly reify ]
397 silly reify mark retired [
397 silly reify   'C:\\opt\\workspace\\SELPLAT\\apps\\ai-desktop\\node_modules\\@esbuild\\openbsd-x64'
397 silly reify ]
398 silly reify mark retired [
398 silly reify   'C:\\opt\\workspace\\SELPLAT\\apps\\ai-desktop\\node_modules\\@esbuild\\openharmony-arm64'
398 silly reify ]
399 silly reify mark retired [
399 silly reify   'C:\\opt\\workspace\\SELPLAT\\apps\\ai-desktop\\node_modules\\@esbuild\\sunos-x64'
399 silly reify ]
400 silly reify mark retired [
400 silly reify   'C:\\opt\\workspace\\SELPLAT\\apps\\ai-desktop\\node_modules\\@esbuild\\win32-arm64'
400 silly reify ]
401 silly reify mark retired [
401 silly reify   'C:\\opt\\workspace\\SELPLAT\\apps\\ai-desktop\\node_modules\\@esbuild\\win32-ia32'
401 silly reify ]
402 silly reify mark retired [
402 silly reify   'C:\\opt\\workspace\\SELPLAT\\apps\\ai-desktop\\node_modules\\@esbuild\\win32-x64'
402 silly reify ]
403 silly reify mark retired [
403 silly reify   'C:\\opt\\workspace\\SELPLAT\\apps\\ai-desktop\\node_modules\\@epic-web\\invariant'
403 silly reify ]
404 silly reify mark retired [
404 silly reify   'C:\\opt\\workspace\\SELPLAT\\apps\\ai-desktop\\node_modules\\@fluentui\\react-icons'
404 silly reify ]
405 silly reify mark retired [
405 silly reify   'C:\\opt\\workspace\\SELPLAT\\apps\\ai-desktop\\node_modules\\@griffel\\core'
405 silly reify ]
406 silly reify mark retired [
406 silly reify   'C:\\opt\\workspace\\SELPLAT\\apps\\ai-desktop\\node_modules\\@griffel\\react'
406 silly reify ]
407 silly reify mark retired [
407 silly reify   'C:\\opt\\workspace\\SELPLAT\\apps\\ai-desktop\\node_modules\\@griffel\\style-types'
407 silly reify ]
408 silly reify mark retired [
408 silly reify   'C:\\opt\\workspace\\SELPLAT\\apps\\ai-desktop\\node_modules\\@isaacs\\fs-minipass'
408 silly reify ]
409 silly reify mark retired [
409 silly reify   'C:\\opt\\workspace\\SELPLAT\\apps\\ai-desktop\\node_modules\\@jridgewell\\gen-mapping'
409 silly reify ]
410 silly reify mark retired [
410 silly reify   'C:\\opt\\workspace\\SELPLAT\\apps\\ai-desktop\\node_modules\\@jridgewell\\remapping'
410 silly reify ]
411 silly reify mark retired [
411 silly reify   'C:\\opt\\workspace\\SELPLAT\\apps\\ai-desktop\\node_modules\\@jridgewell\\resolve-uri'
411 silly reify ]
412 silly reify mark retired [
412 silly reify   'C:\\opt\\workspace\\SELPLAT\\apps\\ai-desktop\\node_modules\\@jridgewell\\sourcemap-codec'
412 silly reify ]
413 silly reify mark retired [
413 silly reify   'C:\\opt\\workspace\\SELPLAT\\apps\\ai-desktop\\node_modules\\@jridgewell\\trace-mapping'
413 silly reify ]
414 silly reify mark retired [
414 silly reify   'C:\\opt\\workspace\\SELPLAT\\apps\\ai-desktop\\node_modules\\@malept\\cross-spawn-promise'
414 silly reify ]
415 silly reify mark retired [
415 silly reify   'C:\\opt\\workspace\\SELPLAT\\apps\\ai-desktop\\node_modules\\@malept\\flatpak-bundler'
415 silly reify ]
416 silly reify mark retired [
416 silly reify   'C:\\opt\\workspace\\SELPLAT\\apps\\ai-desktop\\node_modules\\@noble\\hashes'
416 silly reify ]
417 silly reify mark retired [
417 silly reify   'C:\\opt\\workspace\\SELPLAT\\apps\\ai-desktop\\node_modules\\@openai\\codex'
417 silly reify ]
418 silly reify mark retired [
418 silly reify   'C:\\opt\\workspace\\SELPLAT\\apps\\ai-desktop\\node_modules\\@openai\\codex-darwin-arm64'
418 silly reify ]
419 silly reify mark retired [
419 silly reify   'C:\\opt\\workspace\\SELPLAT\\apps\\ai-desktop\\node_modules\\@openai\\codex-darwin-x64'
419 silly reify ]
420 silly reify mark retired [
420 silly reify   'C:\\opt\\workspace\\SELPLAT\\apps\\ai-desktop\\node_modules\\@openai\\codex-linux-arm64'
420 silly reify ]
421 silly reify mark retired [
421 silly reify   'C:\\opt\\workspace\\SELPLAT\\apps\\ai-desktop\\node_modules\\@openai\\codex-linux-x64'
421 silly reify ]
422 silly reify mark retired [
422 silly reify   'C:\\opt\\workspace\\SELPLAT\\apps\\ai-desktop\\node_modules\\@openai\\codex-win32-arm64'
422 silly reify ]
423 silly reify mark retired [
423 silly reify   'C:\\opt\\workspace\\SELPLAT\\apps\\ai-desktop\\node_modules\\@openai\\codex-win32-x64'
423 silly reify ]
424 silly reify mark retired [
424 silly reify   'C:\\opt\\workspace\\SELPLAT\\apps\\ai-desktop\\node_modules\\@peculiar\\asn1-schema'
424 silly reify ]
425 silly reify mark retired [
425 silly reify   'C:\\opt\\workspace\\SELPLAT\\apps\\ai-desktop\\node_modules\\@peculiar\\json-schema'
425 silly reify ]
426 silly reify mark retired [
426 silly reify   'C:\\opt\\workspace\\SELPLAT\\apps\\ai-desktop\\node_modules\\@peculiar\\webcrypto'
426 silly reify ]
427 silly reify mark retired [
427 silly reify   'C:\\opt\\workspace\\SELPLAT\\apps\\ai-desktop\\node_modules\\@peculiar\\utils'
427 silly reify ]
428 silly reify mark retired [
428 silly reify   'C:\\opt\\workspace\\SELPLAT\\apps\\ai-desktop\\node_modules\\@playwright\\test'
428 silly reify ]
429 silly reify mark retired [
429 silly reify   'C:\\opt\\workspace\\SELPLAT\\apps\\ai-desktop\\node_modules\\@rolldown\\pluginutils'
429 silly reify ]
430 silly reify mark retired [
430 silly reify   'C:\\opt\\workspace\\SELPLAT\\apps\\ai-desktop\\node_modules\\@rollup\\rollup-android-arm-eabi'
430 silly reify ]
431 silly reify mark retired [
431 silly reify   'C:\\opt\\workspace\\SELPLAT\\apps\\ai-desktop\\node_modules\\@rollup\\rollup-android-arm64'
431 silly reify ]
432 silly reify mark retired [
432 silly reify   'C:\\opt\\workspace\\SELPLAT\\apps\\ai-desktop\\node_modules\\@rollup\\rollup-darwin-arm64'
432 silly reify ]
433 silly reify mark retired [
433 silly reify   'C:\\opt\\workspace\\SELPLAT\\apps\\ai-desktop\\node_modules\\@rollup\\rollup-darwin-x64'
433 silly reify ]
434 silly reify mark retired [
434 silly reify   'C:\\opt\\workspace\\SELPLAT\\apps\\ai-desktop\\node_modules\\@rollup\\rollup-freebsd-arm64'
434 silly reify ]
435 silly reify mark retired [
435 silly reify   'C:\\opt\\workspace\\SELPLAT\\apps\\ai-desktop\\node_modules\\@rollup\\rollup-freebsd-x64'
435 silly reify ]
436 silly reify mark retired [
436 silly reify   'C:\\opt\\workspace\\SELPLAT\\apps\\ai-desktop\\node_modules\\@rollup\\rollup-linux-arm-gnueabihf'
436 silly reify ]
437 silly reify mark retired [
437 silly reify   'C:\\opt\\workspace\\SELPLAT\\apps\\ai-desktop\\node_modules\\@rollup\\rollup-linux-arm-musleabihf'
437 silly reify ]
438 silly reify mark retired [
438 silly reify   'C:\\opt\\workspace\\SELPLAT\\apps\\ai-desktop\\node_modules\\@rollup\\rollup-linux-arm64-gnu'
438 silly reify ]
439 silly reify mark retired [
439 silly reify   'C:\\opt\\workspace\\SELPLAT\\apps\\ai-desktop\\node_modules\\@rollup\\rollup-linux-arm64-musl'
439 silly reify ]
440 silly reify mark retired [
440 silly reify   'C:\\opt\\workspace\\SELPLAT\\apps\\ai-desktop\\node_modules\\@rollup\\rollup-linux-loong64-gnu'
440 silly reify ]
441 silly reify mark retired [
441 silly reify   'C:\\opt\\workspace\\SELPLAT\\apps\\ai-desktop\\node_modules\\@rollup\\rollup-linux-loong64-musl'
441 silly reify ]
442 silly reify mark retired [
442 silly reify   'C:\\opt\\workspace\\SELPLAT\\apps\\ai-desktop\\node_modules\\@rollup\\rollup-linux-ppc64-gnu'
442 silly reify ]
443 silly reify mark retired [
443 silly reify   'C:\\opt\\workspace\\SELPLAT\\apps\\ai-desktop\\node_modules\\@rollup\\rollup-linux-ppc64-musl'
443 silly reify ]
444 silly reify mark retired [
444 silly reify   'C:\\opt\\workspace\\SELPLAT\\apps\\ai-desktop\\node_modules\\@rollup\\rollup-linux-riscv64-gnu'
444 silly reify ]
445 silly reify mark retired [
445 silly reify   'C:\\opt\\workspace\\SELPLAT\\apps\\ai-desktop\\node_modules\\@rollup\\rollup-linux-riscv64-musl'
445 silly reify ]
446 silly reify mark retired [
446 silly reify   'C:\\opt\\workspace\\SELPLAT\\apps\\ai-desktop\\node_modules\\@rollup\\rollup-linux-s390x-gnu'
446 silly reify ]
447 silly reify mark retired [
447 silly reify   'C:\\opt\\workspace\\SELPLAT\\apps\\ai-desktop\\node_modules\\@rollup\\rollup-linux-x64-gnu'
447 silly reify ]
448 silly reify mark retired [
448 silly reify   'C:\\opt\\workspace\\SELPLAT\\apps\\ai-desktop\\node_modules\\@rollup\\rollup-linux-x64-musl'
448 silly reify ]
449 silly reify mark retired [
449 silly reify   'C:\\opt\\workspace\\SELPLAT\\apps\\ai-desktop\\node_modules\\@rollup\\rollup-openbsd-x64'
449 silly reify ]
450 silly reify mark retired [
450 silly reify   'C:\\opt\\workspace\\SELPLAT\\apps\\ai-desktop\\node_modules\\@rollup\\rollup-openharmony-arm64'
450 silly reify ]
451 silly reify mark retired [
451 silly reify   'C:\\opt\\workspace\\SELPLAT\\apps\\ai-desktop\\node_modules\\@rollup\\rollup-win32-arm64-msvc'
451 silly reify ]
452 silly reify mark retired [
452 silly reify   'C:\\opt\\workspace\\SELPLAT\\apps\\ai-desktop\\node_modules\\@rollup\\rollup-win32-ia32-msvc'
452 silly reify ]
453 silly reify mark retired [
453 silly reify   'C:\\opt\\workspace\\SELPLAT\\apps\\ai-desktop\\node_modules\\@rollup\\rollup-win32-x64-gnu'
453 silly reify ]
454 silly reify mark retired [
454 silly reify   'C:\\opt\\workspace\\SELPLAT\\apps\\ai-desktop\\node_modules\\@rollup\\rollup-win32-x64-msvc'
454 silly reify ]
455 silly reify mark retired [
455 silly reify   'C:\\opt\\workspace\\SELPLAT\\apps\\ai-desktop\\node_modules\\@sindresorhus\\is'
455 silly reify ]
456 silly reify mark retired [
456 silly reify   'C:\\opt\\workspace\\SELPLAT\\apps\\ai-desktop\\node_modules\\@szmarczak\\http-timer'
456 silly reify ]
457 silly reify mark retired [
457 silly reify   'C:\\opt\\workspace\\SELPLAT\\apps\\ai-desktop\\node_modules\\@types\\babel__core'
457 silly reify ]
458 silly reify mark retired [
458 silly reify   'C:\\opt\\workspace\\SELPLAT\\apps\\ai-desktop\\node_modules\\@types\\babel__generator'
458 silly reify ]
459 silly reify mark retired [
459 silly reify   'C:\\opt\\workspace\\SELPLAT\\apps\\ai-desktop\\node_modules\\@types\\babel__template'
459 silly reify ]
460 silly reify mark retired [
460 silly reify   'C:\\opt\\workspace\\SELPLAT\\apps\\ai-desktop\\node_modules\\@types\\babel__traverse'
460 silly reify ]
461 silly reify mark retired [
461 silly reify   'C:\\opt\\workspace\\SELPLAT\\apps\\ai-desktop\\node_modules\\@types\\cacheable-request'
461 silly reify ]
462 silly reify mark retired [
462 silly reify   'C:\\opt\\workspace\\SELPLAT\\apps\\ai-desktop\\node_modules\\@types\\estree'
462 silly reify ]
463 silly reify mark retired [
463 silly reify   'C:\\opt\\workspace\\SELPLAT\\apps\\ai-desktop\\node_modules\\@types\\debug'
463 silly reify ]
464 silly reify mark retired [
464 silly reify   'C:\\opt\\workspace\\SELPLAT\\apps\\ai-desktop\\node_modules\\@types\\estree-jsx'
464 silly reify ]
465 silly reify mark retired [
465 silly reify   'C:\\opt\\workspace\\SELPLAT\\apps\\ai-desktop\\node_modules\\@types\\fs-extra'
465 silly reify ]
466 silly reify mark retired [
466 silly reify   'C:\\opt\\workspace\\SELPLAT\\apps\\ai-desktop\\node_modules\\@types\\hast'
466 silly reify ]
467 silly reify mark retired [
467 silly reify   'C:\\opt\\workspace\\SELPLAT\\apps\\ai-desktop\\node_modules\\@types\\keyv'
467 silly reify ]
468 silly reify mark retired [
468 silly reify   'C:\\opt\\workspace\\SELPLAT\\apps\\ai-desktop\\node_modules\\@types\\http-cache-semantics'
468 silly reify ]
469 silly reify mark retired [
469 silly reify   'C:\\opt\\workspace\\SELPLAT\\apps\\ai-desktop\\node_modules\\@types\\ms'
469 silly reify ]
470 silly reify mark retired [
470 silly reify   'C:\\opt\\workspace\\SELPLAT\\apps\\ai-desktop\\node_modules\\@types\\mdast'
470 silly reify ]
471 silly reify mark retired [
471 silly reify   'C:\\opt\\workspace\\SELPLAT\\apps\\ai-desktop\\node_modules\\@types\\node'
471 silly reify ]
472 silly reify mark retired [
472 silly reify   'C:\\opt\\workspace\\SELPLAT\\apps\\ai-desktop\\node_modules\\@types\\react'
472 silly reify ]
473 silly reify mark retired [
473 silly reify   'C:\\opt\\workspace\\SELPLAT\\apps\\ai-desktop\\node_modules\\@types\\react-dom'
473 silly reify ]
474 silly reify mark retired [
474 silly reify   'C:\\opt\\workspace\\SELPLAT\\apps\\ai-desktop\\node_modules\\@types\\responselike'
474 silly reify ]
475 silly reify mark retired [
475 silly reify   'C:\\opt\\workspace\\SELPLAT\\apps\\ai-desktop\\node_modules\\@types\\unist'
475 silly reify ]
476 silly reify mark retired [
476 silly reify   'C:\\opt\\workspace\\SELPLAT\\apps\\ai-desktop\\node_modules\\@types\\yauzl'
476 silly reify ]
477 silly reify mark retired [
477 silly reify   'C:\\opt\\workspace\\SELPLAT\\apps\\ai-desktop\\node_modules\\@ungap\\structured-clone'
477 silly reify ]
478 silly reify mark retired [
478 silly reify   'C:\\opt\\workspace\\SELPLAT\\apps\\ai-desktop\\node_modules\\@vitejs\\plugin-react'
478 silly reify ]
479 silly reify mark retired [
479 silly reify   'C:\\opt\\workspace\\SELPLAT\\apps\\ai-desktop\\node_modules\\@xmldom\\xmldom'
479 silly reify ]
480 silly reify moves {
480 silly reify   'C:\\opt\\workspace\\SELPLAT\\apps\\ai-desktop\\node_modules\\abbrev': 'C:\\opt\\workspace\\SELPLAT\\apps\\ai-desktop\\node_modules\\.abbrev-ezbUted8',
480 silly reify   'C:\\opt\\workspace\\SELPLAT\\apps\\ai-desktop\\node_modules\\agent-base': 'C:\\opt\\workspace\\SELPLAT\\apps\\ai-desktop\\node_modules\\.agent-base-SOdbgbdH',
480 silly reify   'C:\\opt\\workspace\\SELPLAT\\apps\\ai-desktop\\node_modules\\ajv': 'C:\\opt\\workspace\\SELPLAT\\apps\\ai-desktop\\node_modules\\.ajv-9cUx4tsf',
480 silly reify   'C:\\opt\\workspace\\SELPLAT\\apps\\ai-desktop\\node_modules\\ansi-regex': 'C:\\opt\\workspace\\SELPLAT\\apps\\ai-desktop\\node_modules\\.ansi-regex-zXxCR8xM',
480 silly reify   'C:\\opt\\workspace\\SELPLAT\\apps\\ai-desktop\\node_modules\\ansi-styles': 'C:\\opt\\workspace\\SELPLAT\\apps\\ai-desktop\\node_modules\\.ansi-styles-HGvY1vOu',
480 silly reify   'C:\\opt\\workspace\\SELPLAT\\apps\\ai-desktop\\node_modules\\app-builder-lib': 'C:\\opt\\workspace\\SELPLAT\\apps\\ai-desktop\\node_modules\\.app-builder-lib-drdzGPeX',
480 silly reify   'C:\\opt\\workspace\\SELPLAT\\apps\\ai-desktop\\node_modules\\argparse': 'C:\\opt\\workspace\\SELPLAT\\apps\\ai-desktop\\node_modules\\.argparse-duvZK5cE',
480 silly reify   'C:\\opt\\workspace\\SELPLAT\\apps\\ai-desktop\\node_modules\\asn1js': 'C:\\opt\\workspace\\SELPLAT\\apps\\ai-desktop\\node_modules\\.asn1js-pDGT4LsB',
480 silly reify   'C:\\opt\\workspace\\SELPLAT\\apps\\ai-desktop\\node_modules\\async': 'C:\\opt\\workspace\\SELPLAT\\apps\\ai-desktop\\node_modules\\.async-sU5G7GEO',
480 silly reify   'C:\\opt\\workspace\\SELPLAT\\apps\\ai-desktop\\node_modules\\async-exit-hook': 'C:\\opt\\workspace\\SELPLAT\\apps\\ai-desktop\\node_modules\\.async-exit-hook-Ehr0QUkD',
480 silly reify   'C:\\opt\\workspace\\SELPLAT\\apps\\ai-desktop\\node_modules\\asynckit': 'C:\\opt\\workspace\\SELPLAT\\apps\\ai-desktop\\node_modules\\.asynckit-UsKqvSnz',
480 silly reify   'C:\\opt\\workspace\\SELPLAT\\apps\\ai-desktop\\node_modules\\aws4': 'C:\\opt\\workspace\\SELPLAT\\apps\\ai-desktop\\node_modules\\.aws4-fiN1BhT0',
480 silly reify   'C:\\opt\\workspace\\SELPLAT\\apps\\ai-desktop\\node_modules\\at-least-node': 'C:\\opt\\workspace\\SELPLAT\\apps\\ai-desktop\\node_modules\\.at-least-node-HXzJ5h2W',
480 silly reify   'C:\\opt\\workspace\\SELPLAT\\apps\\ai-desktop\\node_modules\\bail': 'C:\\opt\\workspace\\SELPLAT\\apps\\ai-desktop\\node_modules\\.bail-t5TsDeob',
480 silly reify   'C:\\opt\\workspace\\SELPLAT\\apps\\ai-desktop\\node_modules\\balanced-match': 'C:\\opt\\workspace\\SELPLAT\\apps\\ai-desktop\\node_modules\\.balanced-match-Q7FLuUGR',
480 silly reify   'C:\\opt\\workspace\\SELPLAT\\apps\\ai-desktop\\node_modules\\base64-js': 'C:\\opt\\workspace\\SELPLAT\\apps\\ai-desktop\\node_modules\\.base64-js-dnqv8YoF',
480 silly reify   'C:\\opt\\workspace\\SELPLAT\\apps\\ai-desktop\\node_modules\\baseline-browser-mapping': 'C:\\opt\\workspace\\SELPLAT\\apps\\ai-desktop\\node_modules\\.baseline-browser-mapping-SpH601OZ',
480 silly reify   'C:\\opt\\workspace\\SELPLAT\\apps\\ai-desktop\\node_modules\\bluebird': 'C:\\opt\\workspace\\SELPLAT\\apps\\ai-desktop\\node_modules\\.bluebird-kyUj3sP0',
480 silly reify   'C:\\opt\\workspace\\SELPLAT\\apps\\ai-desktop\\node_modules\\boolean': 'C:\\opt\\workspace\\SELPLAT\\apps\\ai-desktop\\node_modules\\.boolean-knsrwMmR',
480 silly reify   'C:\\opt\\workspace\\SELPLAT\\apps\\ai-desktop\\node_modules\\brace-expansion': 'C:\\opt\\workspace\\SELPLAT\\apps\\ai-desktop\\node_modules\\.brace-expansion-SDJrGhH1',
480 silly reify   'C:\\opt\\workspace\\SELPLAT\\apps\\ai-desktop\\node_modules\\browserslist': 'C:\\opt\\workspace\\SELPLAT\\apps\\ai-desktop\\node_modules\\.browserslist-iBHxZIoK',
480 silly reify   'C:\\opt\\workspace\\SELPLAT\\apps\\ai-desktop\\node_modules\\buffer-crc32': 'C:\\opt\\workspace\\SELPLAT\\apps\\ai-desktop\\node_modules\\.buffer-crc32-3jf6qhBN',
480 silly reify   'C:\\opt\\workspace\\SELPLAT\\apps\\ai-desktop\\node_modules\\buffer-from': 'C:\\opt\\workspace\\SELPLAT\\apps\\ai-desktop\\node_modules\\.buffer-from-8q1y5TFS',
480 silly reify   'C:\\opt\\workspace\\SELPLAT\\apps\\ai-desktop\\node_modules\\builder-util': 'C:\\opt\\workspace\\SELPLAT\\apps\\ai-desktop\\node_modules\\.builder-util-eMna3wzR',
480 silly reify   'C:\\opt\\workspace\\SELPLAT\\apps\\ai-desktop\\node_modules\\builder-util-runtime': 'C:\\opt\\workspace\\SELPLAT\\apps\\ai-desktop\\node_modules\\.builder-util-runtime-KxorQrJF',
480 silly reify   'C:\\opt\\workspace\\SELPLAT\\apps\\ai-desktop\\node_modules\\bytestreamjs': 'C:\\opt\\workspace\\SELPLAT\\apps\\ai-desktop\\node_modules\\.bytestreamjs-3rzwLLOe',
480 silly reify   'C:\\opt\\workspace\\SELPLAT\\apps\\ai-desktop\\node_modules\\cacheable-lookup': 'C:\\opt\\workspace\\SELPLAT\\apps\\ai-desktop\\node_modules\\.cacheable-lookup-LdMySrA8',
480 silly reify   'C:\\opt\\workspace\\SELPLAT\\apps\\ai-desktop\\node_modules\\cacheable-request': 'C:\\opt\\workspace\\SELPLAT\\apps\\ai-desktop\\node_modules\\.cacheable-request-zjRuCK7r',
480 silly reify   'C:\\opt\\workspace\\SELPLAT\\apps\\ai-desktop\\node_modules\\call-bind-apply-helpers': 'C:\\opt\\workspace\\SELPLAT\\apps\\ai-desktop\\node_modules\\.call-bind-apply-helpers-y0Pe5s3P',
480 silly reify   'C:\\opt\\workspace\\SELPLAT\\apps\\ai-desktop\\node_modules\\ccount': 'C:\\opt\\workspace\\SELPLAT\\apps\\ai-desktop\\node_modules\\.ccount-Bu3LWrI5',
480 silly reify   'C:\\opt\\workspace\\SELPLAT\\apps\\ai-desktop\\node_modules\\caniuse-lite': 'C:\\opt\\workspace\\SELPLAT\\apps\\ai-desktop\\node_modules\\.caniuse-lite-0z2bYAEJ',
480 silly reify   'C:\\opt\\workspace\\SELPLAT\\apps\\ai-desktop\\node_modules\\chalk': 'C:\\opt\\workspace\\SELPLAT\\apps\\ai-desktop\\node_modules\\.chalk-FmETDPxr',
480 silly reify   'C:\\opt\\workspace\\SELPLAT\\apps\\ai-desktop\\node_modules\\character-entities': 'C:\\opt\\workspace\\SELPLAT\\apps\\ai-desktop\\node_modules\\.character-entities-6YqHdU1K',
480 silly reify   'C:\\opt\\workspace\\SELPLAT\\apps\\ai-desktop\\node_modules\\character-entities-html4': 'C:\\opt\\workspace\\SELPLAT\\apps\\ai-desktop\\node_modules\\.character-entities-html4-eM2tZkAT',
480 silly reify   'C:\\opt\\workspace\\SELPLAT\\apps\\ai-desktop\\node_modules\\character-entities-legacy': 'C:\\opt\\workspace\\SELPLAT\\apps\\ai-desktop\\node_modules\\.character-entities-legacy-m5hqDG4O',
480 silly reify   'C:\\opt\\workspace\\SELPLAT\\apps\\ai-desktop\\node_modules\\character-reference-invalid': 'C:\\opt\\workspace\\SELPLAT\\apps\\ai-desktop\\node_modules\\.character-reference-invalid-1B4w2ylU',
480 silly reify   'C:\\opt\\workspace\\SELPLAT\\apps\\ai-desktop\\node_modules\\chownr': 'C:\\opt\\workspace\\SELPLAT\\apps\\ai-desktop\\node_modules\\.chownr-LTvdNQ2W',
480 silly reify   'C:\\opt\\workspace\\SELPLAT\\apps\\ai-desktop\\node_modules\\ci-info': 'C:\\opt\\workspace\\SELPLAT\\apps\\ai-desktop\\node_modules\\.ci-info-Oq08gmBP',
480 silly reify   'C:\\opt\\workspace\\SELPLAT\\apps\\ai-desktop\\node_modules\\chromium-pickle-js': 'C:\\opt\\workspace\\SELPLAT\\apps\\ai-desktop\\node_modules\\.chromium-pickle-js-Ua6irGpb',
480 silly reify   'C:\\opt\\workspace\\SELPLAT\\apps\\ai-desktop\\node_modules\\cliui': 'C:\\opt\\workspace\\SELPLAT\\apps\\ai-desktop\\node_modules\\.cliui-YPcwNm1c',
480 silly reify   'C:\\opt\\workspace\\SELPLAT\\apps\\ai-desktop\\node_modules\\clone-response': 'C:\\opt\\workspace\\SELPLAT\\apps\\ai-desktop\\node_modules\\.clone-response-yzdSdZUr',
480 silly reify   'C:\\opt\\workspace\\SELPLAT\\apps\\ai-desktop\\node_modules\\color-convert': 'C:\\opt\\workspace\\SELPLAT\\apps\\ai-desktop\\node_modules\\.color-convert-EX6tr3JW',
480 silly reify   'C:\\opt\\workspace\\SELPLAT\\apps\\ai-desktop\\node_modules\\color-name': 'C:\\opt\\workspace\\SELPLAT\\apps\\ai-desktop\\node_modules\\.color-name-5ou7aNT2',
480 silly reify   'C:\\opt\\workspace\\SELPLAT\\apps\\ai-desktop\\node_modules\\combined-stream': 'C:\\opt\\workspace\\SELPLAT\\apps\\ai-desktop\\node_modules\\.combined-stream-EZoI5Y4y',
480 silly reify   'C:\\opt\\workspace\\SELPLAT\\apps\\ai-desktop\\node_modules\\comma-separated-tokens': 'C:\\opt\\workspace\\SELPLAT\\apps\\ai-desktop\\node_modules\\.comma-separated-tokens-dNNxfQUk',
480 silly reify   'C:\\opt\\workspace\\SELPLAT\\apps\\ai-desktop\\node_modules\\commander': 'C:\\opt\\workspace\\SELPLAT\\apps\\ai-desktop\\node_modules\\.commander-68omgQ5j',
480 silly reify   'C:\\opt\\workspace\\SELPLAT\\apps\\ai-desktop\\node_modules\\compare-version': 'C:\\opt\\workspace\\SELPLAT\\apps\\ai-desktop\\node_modules\\.compare-version-ypBrF2Zd',
480 silly reify   'C:\\opt\\workspace\\SELPLAT\\apps\\ai-desktop\\node_modules\\concat-map': 'C:\\opt\\workspace\\SELPLAT\\apps\\ai-desktop\\node_modules\\.concat-map-2z7oCmNH',
480 silly reify   'C:\\opt\\workspace\\SELPLAT\\apps\\ai-desktop\\node_modules\\cross-dirname': 'C:\\opt\\workspace\\SELPLAT\\apps\\ai-desktop\\node_modules\\.cross-dirname-vmss7ihR',
480 silly reify   'C:\\opt\\workspace\\SELPLAT\\apps\\ai-desktop\\node_modules\\cross-env': 'C:\\opt\\workspace\\SELPLAT\\apps\\ai-desktop\\node_modules\\.cross-env-NBI1YHHC',
480 silly reify   'C:\\opt\\workspace\\SELPLAT\\apps\\ai-desktop\\node_modules\\cross-spawn': 'C:\\opt\\workspace\\SELPLAT\\apps\\ai-desktop\\node_modules\\.cross-spawn-B8kiCred',
480 silly reify   'C:\\opt\\workspace\\SELPLAT\\apps\\ai-desktop\\node_modules\\csstype': 'C:\\opt\\workspace\\SELPLAT\\apps\\ai-desktop\\node_modules\\.csstype-qhuEc9PW',
480 silly reify   'C:\\opt\\workspace\\SELPLAT\\apps\\ai-desktop\\node_modules\\debug': 'C:\\opt\\workspace\\SELPLAT\\apps\\ai-desktop\\node_modules\\.debug-OKbE28HR',
480 silly reify   'C:\\opt\\workspace\\SELPLAT\\apps\\ai-desktop\\node_modules\\decode-named-character-reference': 'C:\\opt\\workspace\\SELPLAT\\apps\\ai-desktop\\node_modules\\.decode-named-character-reference-fNp4pT33',
480 silly reify   'C:\\opt\\workspace\\SELPLAT\\apps\\ai-desktop\\node_modules\\decompress-response': 'C:\\opt\\workspace\\SELPLAT\\apps\\ai-desktop\\node_modules\\.decompress-response-LIgUtlXo',
480 silly reify   'C:\\opt\\workspace\\SELPLAT\\apps\\ai-desktop\\node_modules\\defer-to-connect': 'C:\\opt\\workspace\\SELPLAT\\apps\\ai-desktop\\node_modules\\.defer-to-connect-R7z2XPfA',
480 silly reify   'C:\\opt\\workspace\\SELPLAT\\apps\\ai-desktop\\node_modules\\define-data-property': 'C:\\opt\\workspace\\SELPLAT\\apps\\ai-desktop\\node_modules\\.define-data-property-wVpUeHOE',
480 silly reify   'C:\\opt\\workspace\\SELPLAT\\apps\\ai-desktop\\node_modules\\define-properties': 'C:\\opt\\workspace\\SELPLAT\\apps\\ai-desktop\\node_modules\\.define-properties-exQDepRj',
480 silly reify   'C:\\opt\\workspace\\SELPLAT\\apps\\ai-desktop\\node_modules\\delayed-stream': 'C:\\opt\\workspace\\SELPLAT\\apps\\ai-desktop\\node_modules\\.delayed-stream-bQRg4Gd8',
480 silly reify   'C:\\opt\\workspace\\SELPLAT\\apps\\ai-desktop\\node_modules\\dequal': 'C:\\opt\\workspace\\SELPLAT\\apps\\ai-desktop\\node_modules\\.dequal-mYdx5JuE',
480 silly reify   'C:\\opt\\workspace\\SELPLAT\\apps\\ai-desktop\\node_modules\\detect-node': 'C:\\opt\\workspace\\SELPLAT\\apps\\ai-desktop\\node_modules\\.detect-node-qLX0mUCb',
480 silly reify   'C:\\opt\\workspace\\SELPLAT\\apps\\ai-desktop\\node_modules\\devlop': 'C:\\opt\\workspace\\SELPLAT\\apps\\ai-desktop\\node_modules\\.devlop-4S40NhXy',
480 silly reify   'C:\\opt\\workspace\\SELPLAT\\apps\\ai-desktop\\node_modules\\dir-compare': 'C:\\opt\\workspace\\SELPLAT\\apps\\ai-desktop\\node_modules\\.dir-compare-zqAri3dB',
480 silly reify   'C:\\opt\\workspace\\SELPLAT\\apps\\ai-desktop\\node_modules\\dmg-builder': 'C:\\opt\\workspace\\SELPLAT\\apps\\ai-desktop\\node_modules\\.dmg-builder-lNVvINqe',
480 silly reify   'C:\\opt\\workspace\\SELPLAT\\apps\\ai-desktop\\node_modules\\dotenv-expand': 'C:\\opt\\workspace\\SELPLAT\\apps\\ai-desktop\\node_modules\\.dotenv-expand-5WNe9GVh',
480 silly reify   'C:\\opt\\workspace\\SELPLAT\\apps\\ai-desktop\\node_modules\\dotenv': 'C:\\opt\\workspace\\SELPLAT\\apps\\ai-desktop\\node_modules\\.dotenv-T7vLBvkt',
480 silly reify   'C:\\opt\\workspace\\SELPLAT\\apps\\ai-desktop\\node_modules\\dunder-proto': 'C:\\opt\\workspace\\SELPLAT\\apps\\ai-desktop\\node_modules\\.dunder-proto-EFlI0h7w',
480 silly reify   'C:\\opt\\workspace\\SELPLAT\\apps\\ai-desktop\\node_modules\\duplexer2': 'C:\\opt\\workspace\\SELPLAT\\apps\\ai-desktop\\node_modules\\.duplexer2-lJdq8YGI',
480 silly reify   'C:\\opt\\workspace\\SELPLAT\\apps\\ai-desktop\\node_modules\\electron': 'C:\\opt\\workspace\\SELPLAT\\apps\\ai-desktop\\node_modules\\.electron-DJI6C9zn',
480 silly reify   'C:\\opt\\workspace\\SELPLAT\\apps\\ai-desktop\\node_modules\\ejs': 'C:\\opt\\workspace\\SELPLAT\\apps\\ai-desktop\\node_modules\\.ejs-wHZKF1vG',
480 silly reify   'C:\\opt\\workspace\\SELPLAT\\apps\\ai-desktop\\node_modules\\electron-builder': 'C:\\opt\\workspace\\SELPLAT\\apps\\ai-desktop\\node_modules\\.electron-builder-dFvCQfBv',
480 silly reify   'C:\\opt\\workspace\\SELPLAT\\apps\\ai-desktop\\node_modules\\electron-builder-squirrel-windows': 'C:\\opt\\workspace\\SELPLAT\\apps\\ai-desktop\\node_modules\\.electron-builder-squirrel-windows-gRcPtEY9',
480 silly reify   'C:\\opt\\workspace\\SELPLAT\\apps\\ai-desktop\\node_modules\\electron-publish': 'C:\\opt\\workspace\\SELPLAT\\apps\\ai-desktop\\node_modules\\.electron-publish-stVB8gpz',
480 silly reify   'C:\\opt\\workspace\\SELPLAT\\apps\\ai-desktop\\node_modules\\electron-winstaller': 'C:\\opt\\workspace\\SELPLAT\\apps\\ai-desktop\\node_modules\\.electron-winstaller-ODK03Giz',
480 silly reify   'C:\\opt\\workspace\\SELPLAT\\apps\\ai-desktop\\node_modules\\electron-to-chromium': 'C:\\opt\\workspace\\SELPLAT\\apps\\ai-desktop\\node_modules\\.electron-to-chromium-lcqKOfGe',
480 silly reify   'C:\\opt\\workspace\\SELPLAT\\apps\\ai-desktop\\node_modules\\emoji-regex': 'C:\\opt\\workspace\\SELPLAT\\apps\\ai-desktop\\node_modules\\.emoji-regex-4cl9ehLM',
480 silly reify   'C:\\opt\\workspace\\SELPLAT\\apps\\ai-desktop\\node_modules\\end-of-stream': 'C:\\opt\\workspace\\SELPLAT\\apps\\ai-desktop\\node_modules\\.end-of-stream-P5YDdZLq',
480 silly reify   'C:\\opt\\workspace\\SELPLAT\\apps\\ai-desktop\\node_modules\\env-paths': 'C:\\opt\\workspace\\SELPLAT\\apps\\ai-desktop\\node_modules\\.env-paths-nz6B5uHn',
480 silly reify   'C:\\opt\\workspace\\SELPLAT\\apps\\ai-desktop\\node_modules\\err-code': 'C:\\opt\\workspace\\SELPLAT\\apps\\ai-desktop\\node_modules\\.err-code-3APRGQm3',
480 silly reify   'C:\\opt\\workspace\\SELPLAT\\apps\\ai-desktop\\node_modules\\es-define-property': 'C:\\opt\\workspace\\SELPLAT\\apps\\ai-desktop\\node_modules\\.es-define-property-kgifttqt',
480 silly reify   'C:\\opt\\workspace\\SELPLAT\\apps\\ai-desktop\\node_modules\\es-errors': 'C:\\opt\\workspace\\SELPLAT\\apps\\ai-desktop\\node_modules\\.es-errors-YE7RtKa5',
480 silly reify   'C:\\opt\\workspace\\SELPLAT\\apps\\ai-desktop\\node_modules\\es-object-atoms': 'C:\\opt\\workspace\\SELPLAT\\apps\\ai-desktop\\node_modules\\.es-object-atoms-n6DmCHsu',
480 silly reify   'C:\\opt\\workspace\\SELPLAT\\apps\\ai-desktop\\node_modules\\convert-source-map': 'C:\\opt\\workspace\\SELPLAT\\apps\\ai-desktop\\node_modules\\.convert-source-map-GN8sMSuP',
480 silly reify   'C:\\opt\\workspace\\SELPLAT\\apps\\ai-desktop\\node_modules\\core-util-is': 'C:\\opt\\workspace\\SELPLAT\\apps\\ai-desktop\\node_modules\\.core-util-is-Rcz2zaP4',
480 silly reify   'C:\\opt\\workspace\\SELPLAT\\apps\\ai-desktop\\node_modules\\es-set-tostringtag': 'C:\\opt\\workspace\\SELPLAT\\apps\\ai-desktop\\node_modules\\.es-set-tostringtag-7MhYuokO',
480 silly reify   'C:\\opt\\workspace\\SELPLAT\\apps\\ai-desktop\\node_modules\\es6-error': 'C:\\opt\\workspace\\SELPLAT\\apps\\ai-desktop\\node_modules\\.es6-error-Qh1Ynvgv',
480 silly reify   'C:\\opt\\workspace\\SELPLAT\\apps\\ai-desktop\\node_modules\\esbuild': 'C:\\opt\\workspace\\SELPLAT\\apps\\ai-desktop\\node_modules\\.esbuild-RJaAEZVR',
480 silly reify   'C:\\opt\\workspace\\SELPLAT\\apps\\ai-desktop\\node_modules\\escalade': 'C:\\opt\\workspace\\SELPLAT\\apps\\ai-desktop\\node_modules\\.escalade-eKrJkrLa',
480 silly reify   'C:\\opt\\workspace\\SELPLAT\\apps\\ai-desktop\\node_modules\\escape-string-regexp': 'C:\\opt\\workspace\\SELPLAT\\apps\\ai-desktop\\node_modules\\.escape-string-regexp-7oewPDhq',
480 silly reify   'C:\\opt\\workspace\\SELPLAT\\apps\\ai-desktop\\node_modules\\estree-util-is-identifier-name': 'C:\\opt\\workspace\\SELPLAT\\apps\\ai-desktop\\node_modules\\.estree-util-is-identifier-name-iO5aPdss',
480 silly reify   'C:\\opt\\workspace\\SELPLAT\\apps\\ai-desktop\\node_modules\\exponential-backoff': 'C:\\opt\\workspace\\SELPLAT\\apps\\ai-desktop\\node_modules\\.exponential-backoff-gdBqNRGE',
480 silly reify   'C:\\opt\\workspace\\SELPLAT\\apps\\ai-desktop\\node_modules\\extend': 'C:\\opt\\workspace\\SELPLAT\\apps\\ai-desktop\\node_modules\\.extend-K5JQ27yE',
480 silly reify   'C:\\opt\\workspace\\SELPLAT\\apps\\ai-desktop\\node_modules\\fast-deep-equal': 'C:\\opt\\workspace\\SELPLAT\\apps\\ai-desktop\\node_modules\\.fast-deep-equal-D8vDmL5e',
480 silly reify   'C:\\opt\\workspace\\SELPLAT\\apps\\ai-desktop\\node_modules\\extract-zip': 'C:\\opt\\workspace\\SELPLAT\\apps\\ai-desktop\\node_modules\\.extract-zip-y6Le8j3I',
480 silly reify   'C:\\opt\\workspace\\SELPLAT\\apps\\ai-desktop\\node_modules\\fast-uri': 'C:\\opt\\workspace\\SELPLAT\\apps\\ai-desktop\\node_modules\\.fast-uri-k7T6NHPb',
480 silly reify   'C:\\opt\\workspace\\SELPLAT\\apps\\ai-desktop\\node_modules\\fd-slicer': 'C:\\opt\\workspace\\SELPLAT\\apps\\ai-desktop\\node_modules\\.fd-slicer-e08o5Qil',
480 silly reify   'C:\\opt\\workspace\\SELPLAT\\apps\\ai-desktop\\node_modules\\fdir': 'C:\\opt\\workspace\\SELPLAT\\apps\\ai-desktop\\node_modules\\.fdir-jJ7XZi0q',
480 silly reify   'C:\\opt\\workspace\\SELPLAT\\apps\\ai-desktop\\node_modules\\form-data': 'C:\\opt\\workspace\\SELPLAT\\apps\\ai-desktop\\node_modules\\.form-data-Iy5aeiu0',
480 silly reify   'C:\\opt\\workspace\\SELPLAT\\apps\\ai-desktop\\node_modules\\filelist': 'C:\\opt\\workspace\\SELPLAT\\apps\\ai-desktop\\node_modules\\.filelist-ihGevkiz',
480 silly reify   'C:\\opt\\workspace\\SELPLAT\\apps\\ai-desktop\\node_modules\\fs-extra': 'C:\\opt\\workspace\\SELPLAT\\apps\\ai-desktop\\node_modules\\.fs-extra-biFEQB4f',
480 silly reify   'C:\\opt\\workspace\\SELPLAT\\apps\\ai-desktop\\node_modules\\fs.realpath': 'C:\\opt\\workspace\\SELPLAT\\apps\\ai-desktop\\node_modules\\.fs.realpath-rAcSAjes',
480 silly reify   'C:\\opt\\workspace\\SELPLAT\\apps\\ai-desktop\\node_modules\\fsevents': 'C:\\opt\\workspace\\SELPLAT\\apps\\ai-desktop\\node_modules\\.fsevents-m1QqtZzV',
480 silly reify   'C:\\opt\\workspace\\SELPLAT\\apps\\ai-desktop\\node_modules\\function-bind': 'C:\\opt\\workspace\\SELPLAT\\apps\\ai-desktop\\node_modules\\.function-bind-20XNnUCS',
480 silly reify   'C:\\opt\\workspace\\SELPLAT\\apps\\ai-desktop\\node_modules\\gensync': 'C:\\opt\\workspace\\SELPLAT\\apps\\ai-desktop\\node_modules\\.gensync-eviHg3yO',
480 silly reify   'C:\\opt\\workspace\\SELPLAT\\apps\\ai-desktop\\node_modules\\get-caller-file': 'C:\\opt\\workspace\\SELPLAT\\apps\\ai-desktop\\node_modules\\.get-caller-file-FdTpbPiD',
480 silly reify   'C:\\opt\\workspace\\SELPLAT\\apps\\ai-desktop\\node_modules\\get-intrinsic': 'C:\\opt\\workspace\\SELPLAT\\apps\\ai-desktop\\node_modules\\.get-intrinsic-iIPFmwLO',
480 silly reify   'C:\\opt\\workspace\\SELPLAT\\apps\\ai-desktop\\node_modules\\get-proto': 'C:\\opt\\workspace\\SELPLAT\\apps\\ai-desktop\\node_modules\\.get-proto-HFSmKupo',
480 silly reify   'C:\\opt\\workspace\\SELPLAT\\apps\\ai-desktop\\node_modules\\get-stream': 'C:\\opt\\workspace\\SELPLAT\\apps\\ai-desktop\\node_modules\\.get-stream-qQg3oZgF',
480 silly reify   'C:\\opt\\workspace\\SELPLAT\\apps\\ai-desktop\\node_modules\\glob': 'C:\\opt\\workspace\\SELPLAT\\apps\\ai-desktop\\node_modules\\.glob-4zPDwd9b',
480 silly reify   'C:\\opt\\workspace\\SELPLAT\\apps\\ai-desktop\\node_modules\\globalthis': 'C:\\opt\\workspace\\SELPLAT\\apps\\ai-desktop\\node_modules\\.globalthis-iEfJ8qaQ',
480 silly reify   'C:\\opt\\workspace\\SELPLAT\\apps\\ai-desktop\\node_modules\\global-agent': 'C:\\opt\\workspace\\SELPLAT\\apps\\ai-desktop\\node_modules\\.global-agent-J0bh7mxE',
480 silly reify   'C:\\opt\\workspace\\SELPLAT\\apps\\ai-desktop\\node_modules\\gopd': 'C:\\opt\\workspace\\SELPLAT\\apps\\ai-desktop\\node_modules\\.gopd-8eZTtWdb',
480 silly reify   'C:\\opt\\workspace\\SELPLAT\\apps\\ai-desktop\\node_modules\\got': 'C:\\opt\\workspace\\SELPLAT\\apps\\ai-desktop\\node_modules\\.got-sIArAkwI',
480 silly reify   'C:\\opt\\workspace\\SELPLAT\\apps\\ai-desktop\\node_modules\\has-property-descriptors': 'C:\\opt\\workspace\\SELPLAT\\apps\\ai-desktop\\node_modules\\.has-property-descriptors-AZStkmg1',
480 silly reify   'C:\\opt\\workspace\\SELPLAT\\apps\\ai-desktop\\node_modules\\graceful-fs': 'C:\\opt\\workspace\\SELPLAT\\apps\\ai-desktop\\node_modules\\.graceful-fs-ytbtqt8K',
480 silly reify   'C:\\opt\\workspace\\SELPLAT\\apps\\ai-desktop\\node_modules\\has-flag': 'C:\\opt\\workspace\\SELPLAT\\apps\\ai-desktop\\node_modules\\.has-flag-8m018DPL',
480 silly reify   'C:\\opt\\workspace\\SELPLAT\\apps\\ai-desktop\\node_modules\\has-symbols': 'C:\\opt\\workspace\\SELPLAT\\apps\\ai-desktop\\node_modules\\.has-symbols-KLKH6Fzq',
480 silly reify   'C:\\opt\\workspace\\SELPLAT\\apps\\ai-desktop\\node_modules\\has-tostringtag': 'C:\\opt\\workspace\\SELPLAT\\apps\\ai-desktop\\node_modules\\.has-tostringtag-mbLd2zWc',
480 silly reify   'C:\\opt\\workspace\\SELPLAT\\apps\\ai-desktop\\node_modules\\hasown': 'C:\\opt\\workspace\\SELPLAT\\apps\\ai-desktop\\node_modules\\.hasown-4cE4wjS0',
480 silly reify   'C:\\opt\\workspace\\SELPLAT\\apps\\ai-desktop\\node_modules\\hast-util-to-jsx-runtime': 'C:\\opt\\workspace\\SELPLAT\\apps\\ai-desktop\\node_modules\\.hast-util-to-jsx-runtime-zgfiBigg',
480 silly reify   'C:\\opt\\workspace\\SELPLAT\\apps\\ai-desktop\\node_modules\\hast-util-whitespace': 'C:\\opt\\workspace\\SELPLAT\\apps\\ai-desktop\\node_modules\\.hast-util-whitespace-YKzsfwml',
480 silly reify   'C:\\opt\\workspace\\SELPLAT\\apps\\ai-desktop\\node_modules\\hosted-git-info': 'C:\\opt\\workspace\\SELPLAT\\apps\\ai-desktop\\node_modules\\.hosted-git-info-NHM2g3Ht',
480 silly reify   'C:\\opt\\workspace\\SELPLAT\\apps\\ai-desktop\\node_modules\\html-url-attributes': 'C:\\opt\\workspace\\SELPLAT\\apps\\ai-desktop\\node_modules\\.html-url-attributes-Qzwq5gcy',
480 silly reify   'C:\\opt\\workspace\\SELPLAT\\apps\\ai-desktop\\node_modules\\http-cache-semantics': 'C:\\opt\\workspace\\SELPLAT\\apps\\ai-desktop\\node_modules\\.http-cache-semantics-AbzjebZ2',
480 silly reify   'C:\\opt\\workspace\\SELPLAT\\apps\\ai-desktop\\node_modules\\http2-wrapper': 'C:\\opt\\workspace\\SELPLAT\\apps\\ai-desktop\\node_modules\\.http2-wrapper-Ymj6Glk3',
480 silly reify   'C:\\opt\\workspace\\SELPLAT\\apps\\ai-desktop\\node_modules\\http-proxy-agent': 'C:\\opt\\workspace\\SELPLAT\\apps\\ai-desktop\\node_modules\\.http-proxy-agent-2wytU4Sq',
480 silly reify   'C:\\opt\\workspace\\SELPLAT\\apps\\ai-desktop\\node_modules\\https-proxy-agent': 'C:\\opt\\workspace\\SELPLAT\\apps\\ai-desktop\\node_modules\\.https-proxy-agent-2flW7t82',
480 silly reify   'C:\\opt\\workspace\\SELPLAT\\apps\\ai-desktop\\node_modules\\inflight': 'C:\\opt\\workspace\\SELPLAT\\apps\\ai-desktop\\node_modules\\.inflight-YM17dIAI',
480 silly reify   'C:\\opt\\workspace\\SELPLAT\\apps\\ai-desktop\\node_modules\\inherits': 'C:\\opt\\workspace\\SELPLAT\\apps\\ai-desktop\\node_modules\\.inherits-wr9NsgiL',
480 silly reify   'C:\\opt\\workspace\\SELPLAT\\apps\\ai-desktop\\node_modules\\inline-style-parser': 'C:\\opt\\workspace\\SELPLAT\\apps\\ai-desktop\\node_modules\\.inline-style-parser-obgdR5iP',
480 silly reify   'C:\\opt\\workspace\\SELPLAT\\apps\\ai-desktop\\node_modules\\is-alphabetical': 'C:\\opt\\workspace\\SELPLAT\\apps\\ai-desktop\\node_modules\\.is-alphabetical-NKkZ40uW',
480 silly reify   'C:\\opt\\workspace\\SELPLAT\\apps\\ai-desktop\\node_modules\\is-alphanumerical': 'C:\\opt\\workspace\\SELPLAT\\apps\\ai-desktop\\node_modules\\.is-alphanumerical-j02hpYHl',
480 silly reify   'C:\\opt\\workspace\\SELPLAT\\apps\\ai-desktop\\node_modules\\is-decimal': 'C:\\opt\\workspace\\SELPLAT\\apps\\ai-desktop\\node_modules\\.is-decimal-rc6rRDR0',
480 silly reify   'C:\\opt\\workspace\\SELPLAT\\apps\\ai-desktop\\node_modules\\is-fullwidth-code-point': 'C:\\opt\\workspace\\SELPLAT\\apps\\ai-desktop\\node_modules\\.is-fullwidth-code-point-u7lCVwAT',
480 silly reify   'C:\\opt\\workspace\\SELPLAT\\apps\\ai-desktop\\node_modules\\is-hexadecimal': 'C:\\opt\\workspace\\SELPLAT\\apps\\ai-desktop\\node_modules\\.is-hexadecimal-YlYO232d',
480 silly reify   'C:\\opt\\workspace\\SELPLAT\\apps\\ai-desktop\\node_modules\\is-plain-obj': 'C:\\opt\\workspace\\SELPLAT\\apps\\ai-desktop\\node_modules\\.is-plain-obj-ufRU6HIL',
480 silly reify   'C:\\opt\\workspace\\SELPLAT\\apps\\ai-desktop\\node_modules\\isarray': 'C:\\opt\\workspace\\SELPLAT\\apps\\ai-desktop\\node_modules\\.isarray-zhY2ujul',
480 silly reify   'C:\\opt\\workspace\\SELPLAT\\apps\\ai-desktop\\node_modules\\isexe': 'C:\\opt\\workspace\\SELPLAT\\apps\\ai-desktop\\node_modules\\.isexe-nOKV5FLH',
480 silly reify   'C:\\opt\\workspace\\SELPLAT\\apps\\ai-desktop\\node_modules\\isbinaryfile': 'C:\\opt\\workspace\\SELPLAT\\apps\\ai-desktop\\node_modules\\.isbinaryfile-xegtkDUO',
480 silly reify   'C:\\opt\\workspace\\SELPLAT\\apps\\ai-desktop\\node_modules\\jake': 'C:\\opt\\workspace\\SELPLAT\\apps\\ai-desktop\\node_modules\\.jake-f1A6r7Kr',
480 silly reify   'C:\\opt\\workspace\\SELPLAT\\apps\\ai-desktop\\node_modules\\jiti': 'C:\\opt\\workspace\\SELPLAT\\apps\\ai-desktop\\node_modules\\.jiti-lZXp1JEN',
480 silly reify   'C:\\opt\\workspace\\SELPLAT\\apps\\ai-desktop\\node_modules\\js-tokens': 'C:\\opt\\workspace\\SELPLAT\\apps\\ai-desktop\\node_modules\\.js-tokens-l52Of6vg',
480 silly reify   'C:\\opt\\workspace\\SELPLAT\\apps\\ai-desktop\\node_modules\\js-yaml': 'C:\\opt\\workspace\\SELPLAT\\apps\\ai-desktop\\node_modules\\.js-yaml-cYnH5L9n',
480 silly reify   'C:\\opt\\workspace\\SELPLAT\\apps\\ai-desktop\\node_modules\\jsesc': 'C:\\opt\\workspace\\SELPLAT\\apps\\ai-desktop\\node_modules\\.jsesc-ppU775SG',
480 silly reify   'C:\\opt\\workspace\\SELPLAT\\apps\\ai-desktop\\node_modules\\json-buffer': 'C:\\opt\\workspace\\SELPLAT\\apps\\ai-desktop\\node_modules\\.json-buffer-bKB4NaJ6',
480 silly reify   'C:\\opt\\workspace\\SELPLAT\\apps\\ai-desktop\\node_modules\\json-schema-traverse': 'C:\\opt\\workspace\\SELPLAT\\apps\\ai-desktop\\node_modules\\.json-schema-traverse-ONVghQYJ',
480 silly reify   'C:\\opt\\workspace\\SELPLAT\\apps\\ai-desktop\\node_modules\\json-stringify-safe': 'C:\\opt\\workspace\\SELPLAT\\apps\\ai-desktop\\node_modules\\.json-stringify-safe-hlukz4iL',
480 silly reify   'C:\\opt\\workspace\\SELPLAT\\apps\\ai-desktop\\node_modules\\json5': 'C:\\opt\\workspace\\SELPLAT\\apps\\ai-desktop\\node_modules\\.json5-wyIh9P8z',
480 silly reify   'C:\\opt\\workspace\\SELPLAT\\apps\\ai-desktop\\node_modules\\jsonfile': 'C:\\opt\\workspace\\SELPLAT\\apps\\ai-desktop\\node_modules\\.jsonfile-CsvsBjiE',
480 silly reify   'C:\\opt\\workspace\\SELPLAT\\apps\\ai-desktop\\node_modules\\lazy-val': 'C:\\opt\\workspace\\SELPLAT\\apps\\ai-desktop\\node_modules\\.lazy-val-8dsVy58x',
480 silly reify   'C:\\opt\\workspace\\SELPLAT\\apps\\ai-desktop\\node_modules\\keyv': 'C:\\opt\\workspace\\SELPLAT\\apps\\ai-desktop\\node_modules\\.keyv-KwJB8QLl',
480 silly reify   'C:\\opt\\workspace\\SELPLAT\\apps\\ai-desktop\\node_modules\\lodash': 'C:\\opt\\workspace\\SELPLAT\\apps\\ai-desktop\\node_modules\\.lodash-lKutsnsC',
480 silly reify   'C:\\opt\\workspace\\SELPLAT\\apps\\ai-desktop\\node_modules\\longest-streak': 'C:\\opt\\workspace\\SELPLAT\\apps\\ai-desktop\\node_modules\\.longest-streak-Rch8Kwd5',
480 silly reify   'C:\\opt\\workspace\\SELPLAT\\apps\\ai-desktop\\node_modules\\lowercase-keys': 'C:\\opt\\workspace\\SELPLAT\\apps\\ai-desktop\\node_modules\\.lowercase-keys-BhUPgQmb',
480 silly reify   'C:\\opt\\workspace\\SELPLAT\\apps\\ai-desktop\\node_modules\\lru-cache': 'C:\\opt\\workspace\\SELPLAT\\apps\\ai-desktop\\node_modules\\.lru-cache-SRdbNuZg',
480 silly reify   'C:\\opt\\workspace\\SELPLAT\\apps\\ai-desktop\\node_modules\\markdown-table': 'C:\\opt\\workspace\\SELPLAT\\apps\\ai-desktop\\node_modules\\.markdown-table-6MMCFqpk',
480 silly reify   'C:\\opt\\workspace\\SELPLAT\\apps\\ai-desktop\\node_modules\\matcher': 'C:\\opt\\workspace\\SELPLAT\\apps\\ai-desktop\\node_modules\\.matcher-QvMmhQox',
480 silly reify   'C:\\opt\\workspace\\SELPLAT\\apps\\ai-desktop\\node_modules\\math-intrinsics': 'C:\\opt\\workspace\\SELPLAT\\apps\\ai-desktop\\node_modules\\.math-intrinsics-2r8BBV3v',
480 silly reify   'C:\\opt\\workspace\\SELPLAT\\apps\\ai-desktop\\node_modules\\mdast-util-find-and-replace': 'C:\\opt\\workspace\\SELPLAT\\apps\\ai-desktop\\node_modules\\.mdast-util-find-and-replace-1lf3AGnD',
480 silly reify   'C:\\opt\\workspace\\SELPLAT\\apps\\ai-desktop\\node_modules\\mdast-util-from-markdown': 'C:\\opt\\workspace\\SELPLAT\\apps\\ai-desktop\\node_modules\\.mdast-util-from-markdown-8u57EeQU',
480 silly reify   'C:\\opt\\workspace\\SELPLAT\\apps\\ai-desktop\\node_modules\\mdast-util-gfm-autolink-literal': 'C:\\opt\\workspace\\SELPLAT\\apps\\ai-desktop\\node_modules\\.mdast-util-gfm-autolink-literal-AqBRbElU',
480 silly reify   'C:\\opt\\workspace\\SELPLAT\\apps\\ai-desktop\\node_modules\\mdast-util-gfm': 'C:\\opt\\workspace\\SELPLAT\\apps\\ai-desktop\\node_modules\\.mdast-util-gfm-FglWi4Fa',
480 silly reify   'C:\\opt\\workspace\\SELPLAT\\apps\\ai-desktop\\node_modules\\mdast-util-gfm-footnote': 'C:\\opt\\workspace\\SELPLAT\\apps\\ai-desktop\\node_modules\\.mdast-util-gfm-footnote-KxyNsuB6',
480 silly reify   'C:\\opt\\workspace\\SELPLAT\\apps\\ai-desktop\\node_modules\\mdast-util-gfm-strikethrough': 'C:\\opt\\workspace\\SELPLAT\\apps\\ai-desktop\\node_modules\\.mdast-util-gfm-strikethrough-q8lzuvQV',
480 silly reify   'C:\\opt\\workspace\\SELPLAT\\apps\\ai-desktop\\node_modules\\mdast-util-gfm-table': 'C:\\opt\\workspace\\SELPLAT\\apps\\ai-desktop\\node_modules\\.mdast-util-gfm-table-FWskQsce',
480 silly reify   'C:\\opt\\workspace\\SELPLAT\\apps\\ai-desktop\\node_modules\\mdast-util-gfm-task-list-item': 'C:\\opt\\workspace\\SELPLAT\\apps\\ai-desktop\\node_modules\\.mdast-util-gfm-task-list-item-J5gxpf9D',
480 silly reify   'C:\\opt\\workspace\\SELPLAT\\apps\\ai-desktop\\node_modules\\mdast-util-mdx-expression': 'C:\\opt\\workspace\\SELPLAT\\apps\\ai-desktop\\node_modules\\.mdast-util-mdx-expression-xOU2eI1L',
480 silly reify   'C:\\opt\\workspace\\SELPLAT\\apps\\ai-desktop\\node_modules\\mdast-util-mdx-jsx': 'C:\\opt\\workspace\\SELPLAT\\apps\\ai-desktop\\node_modules\\.mdast-util-mdx-jsx-7Y2DznKt',
480 silly reify   'C:\\opt\\workspace\\SELPLAT\\apps\\ai-desktop\\node_modules\\mdast-util-mdxjs-esm': 'C:\\opt\\workspace\\SELPLAT\\apps\\ai-desktop\\node_modules\\.mdast-util-mdxjs-esm-uCXyt3AK',
480 silly reify   'C:\\opt\\workspace\\SELPLAT\\apps\\ai-desktop\\node_modules\\mdast-util-phrasing': 'C:\\opt\\workspace\\SELPLAT\\apps\\ai-desktop\\node_modules\\.mdast-util-phrasing-CwZCcLjl',
480 silly reify   'C:\\opt\\workspace\\SELPLAT\\apps\\ai-desktop\\node_modules\\mdast-util-to-hast': 'C:\\opt\\workspace\\SELPLAT\\apps\\ai-desktop\\node_modules\\.mdast-util-to-hast-eGmkfXAX',
480 silly reify   'C:\\opt\\workspace\\SELPLAT\\apps\\ai-desktop\\node_modules\\mdast-util-to-markdown': 'C:\\opt\\workspace\\SELPLAT\\apps\\ai-desktop\\node_modules\\.mdast-util-to-markdown-8Pq9HA9c',
480 silly reify   'C:\\opt\\workspace\\SELPLAT\\apps\\ai-desktop\\node_modules\\mdast-util-to-string': 'C:\\opt\\workspace\\SELPLAT\\apps\\ai-desktop\\node_modules\\.mdast-util-to-string-i36BWNQq',
480 silly reify   'C:\\opt\\workspace\\SELPLAT\\apps\\ai-desktop\\node_modules\\micromark': 'C:\\opt\\workspace\\SELPLAT\\apps\\ai-desktop\\node_modules\\.micromark-9boieo5h',
480 silly reify   'C:\\opt\\workspace\\SELPLAT\\apps\\ai-desktop\\node_modules\\micromark-extension-gfm': 'C:\\opt\\workspace\\SELPLAT\\apps\\ai-desktop\\node_modules\\.micromark-extension-gfm-nQIDGrgW',
480 silly reify   'C:\\opt\\workspace\\SELPLAT\\apps\\ai-desktop\\node_modules\\micromark-core-commonmark': 'C:\\opt\\workspace\\SELPLAT\\apps\\ai-desktop\\node_modules\\.micromark-core-commonmark-XiTr7r7b',
480 silly reify   'C:\\opt\\workspace\\SELPLAT\\apps\\ai-desktop\\node_modules\\micromark-extension-gfm-autolink-literal': 'C:\\opt\\workspace\\SELPLAT\\apps\\ai-desktop\\node_modules\\.micromark-extension-gfm-autolink-literal-TE5LdAd0',
480 silly reify   'C:\\opt\\workspace\\SELPLAT\\apps\\ai-desktop\\node_modules\\micromark-extension-gfm-footnote': 'C:\\opt\\workspace\\SELPLAT\\apps\\ai-desktop\\node_modules\\.micromark-extension-gfm-footnote-3K58xvMF',
480 silly reify   'C:\\opt\\workspace\\SELPLAT\\apps\\ai-desktop\\node_modules\\micromark-extension-gfm-strikethrough': 'C:\\opt\\workspace\\SELPLAT\\apps\\ai-desktop\\node_modules\\.micromark-extension-gfm-strikethrough-J9Rys25T',
480 silly reify   'C:\\opt\\workspace\\SELPLAT\\apps\\ai-desktop\\node_modules\\micromark-extension-gfm-table': 'C:\\opt\\workspace\\SELPLAT\\apps\\ai-desktop\\node_modules\\.micromark-extension-gfm-table-tdoTOCVf',
480 silly reify   'C:\\opt\\workspace\\SELPLAT\\apps\\ai-desktop\\node_modules\\micromark-extension-gfm-tagfilter': 'C:\\opt\\workspace\\SELPLAT\\apps\\ai-desktop\\node_modules\\.micromark-extension-gfm-tagfilter-Lf6sJ5AD',
480 silly reify   'C:\\opt\\workspace\\SELPLAT\\apps\\ai-desktop\\node_modules\\micromark-extension-gfm-task-list-item': 'C:\\opt\\workspace\\SELPLAT\\apps\\ai-desktop\\node_modules\\.micromark-extension-gfm-task-list-item-KPGrFC5S',
480 silly reify   'C:\\opt\\workspace\\SELPLAT\\apps\\ai-desktop\\node_modules\\micromark-factory-destination': 'C:\\opt\\workspace\\SELPLAT\\apps\\ai-desktop\\node_modules\\.micromark-factory-destination-uhC898ZR',
480 silly reify   'C:\\opt\\workspace\\SELPLAT\\apps\\ai-desktop\\node_modules\\micromark-factory-label': 'C:\\opt\\workspace\\SELPLAT\\apps\\ai-desktop\\node_modules\\.micromark-factory-label-MowA9B2T',
480 silly reify   'C:\\opt\\workspace\\SELPLAT\\apps\\ai-desktop\\node_modules\\micromark-factory-space': 'C:\\opt\\workspace\\SELPLAT\\apps\\ai-desktop\\node_modules\\.micromark-factory-space-ZqgJbRfh',
480 silly reify   'C:\\opt\\workspace\\SELPLAT\\apps\\ai-desktop\\node_modules\\micromark-factory-title': 'C:\\opt\\workspace\\SELPLAT\\apps\\ai-desktop\\node_modules\\.micromark-factory-title-MdCIfP4f',
480 silly reify   'C:\\opt\\workspace\\SELPLAT\\apps\\ai-desktop\\node_modules\\micromark-factory-whitespace': 'C:\\opt\\workspace\\SELPLAT\\apps\\ai-desktop\\node_modules\\.micromark-factory-whitespace-Uoo9DsPv',
480 silly reify   'C:\\opt\\workspace\\SELPLAT\\apps\\ai-desktop\\node_modules\\micromark-util-character': 'C:\\opt\\workspace\\SELPLAT\\apps\\ai-desktop\\node_modules\\.micromark-util-character-7a7ty3JP',
480 silly reify   'C:\\opt\\workspace\\SELPLAT\\apps\\ai-desktop\\node_modules\\micromark-util-chunked': 'C:\\opt\\workspace\\SELPLAT\\apps\\ai-desktop\\node_modules\\.micromark-util-chunked-PVowRKyr',
480 silly reify   'C:\\opt\\workspace\\SELPLAT\\apps\\ai-desktop\\node_modules\\micromark-util-classify-character': 'C:\\opt\\workspace\\SELPLAT\\apps\\ai-desktop\\node_modules\\.micromark-util-classify-character-w6fmCWG9',
480 silly reify   'C:\\opt\\workspace\\SELPLAT\\apps\\ai-desktop\\node_modules\\micromark-util-combine-extensions': 'C:\\opt\\workspace\\SELPLAT\\apps\\ai-desktop\\node_modules\\.micromark-util-combine-extensions-EUfgonzK',
480 silly reify   'C:\\opt\\workspace\\SELPLAT\\apps\\ai-desktop\\node_modules\\micromark-util-decode-numeric-character-reference': 'C:\\opt\\workspace\\SELPLAT\\apps\\ai-desktop\\node_modules\\.micromark-util-decode-numeric-character-reference-efRttD1u',
480 silly reify   'C:\\opt\\workspace\\SELPLAT\\apps\\ai-desktop\\node_modules\\micromark-util-decode-string': 'C:\\opt\\workspace\\SELPLAT\\apps\\ai-desktop\\node_modules\\.micromark-util-decode-string-I6gdkQoZ',
480 silly reify   'C:\\opt\\workspace\\SELPLAT\\apps\\ai-desktop\\node_modules\\micromark-util-encode': 'C:\\opt\\workspace\\SELPLAT\\apps\\ai-desktop\\node_modules\\.micromark-util-encode-XEtMuPBX',
480 silly reify   'C:\\opt\\workspace\\SELPLAT\\apps\\ai-desktop\\node_modules\\micromark-util-html-tag-name': 'C:\\opt\\workspace\\SELPLAT\\apps\\ai-desktop\\node_modules\\.micromark-util-html-tag-name-CVC4KYok',
480 silly reify   'C:\\opt\\workspace\\SELPLAT\\apps\\ai-desktop\\node_modules\\micromark-util-normalize-identifier': 'C:\\opt\\workspace\\SELPLAT\\apps\\ai-desktop\\node_modules\\.micromark-util-normalize-identifier-niqCPWl0',
480 silly reify   'C:\\opt\\workspace\\SELPLAT\\apps\\ai-desktop\\node_modules\\micromark-util-resolve-all': 'C:\\opt\\workspace\\SELPLAT\\apps\\ai-desktop\\node_modules\\.micromark-util-resolve-all-Dl5LfXqa',
480 silly reify   'C:\\opt\\workspace\\SELPLAT\\apps\\ai-desktop\\node_modules\\micromark-util-sanitize-uri': 'C:\\opt\\workspace\\SELPLAT\\apps\\ai-desktop\\node_modules\\.micromark-util-sanitize-uri-3K9aRfme',
480 silly reify   'C:\\opt\\workspace\\SELPLAT\\apps\\ai-desktop\\node_modules\\micromark-util-symbol': 'C:\\opt\\workspace\\SELPLAT\\apps\\ai-desktop\\node_modules\\.micromark-util-symbol-S2EfXnS5',
480 silly reify   'C:\\opt\\workspace\\SELPLAT\\apps\\ai-desktop\\node_modules\\micromark-util-subtokenize': 'C:\\opt\\workspace\\SELPLAT\\apps\\ai-desktop\\node_modules\\.micromark-util-subtokenize-TXV4vn07',
480 silly reify   'C:\\opt\\workspace\\SELPLAT\\apps\\ai-desktop\\node_modules\\micromark-util-types': 'C:\\opt\\workspace\\SELPLAT\\apps\\ai-desktop\\node_modules\\.micromark-util-types-wvwlxdoO',
480 silly reify   'C:\\opt\\workspace\\SELPLAT\\apps\\ai-desktop\\node_modules\\mime': 'C:\\opt\\workspace\\SELPLAT\\apps\\ai-desktop\\node_modules\\.mime-mcAzGT32',
480 silly reify   'C:\\opt\\workspace\\SELPLAT\\apps\\ai-desktop\\node_modules\\mime-types': 'C:\\opt\\workspace\\SELPLAT\\apps\\ai-desktop\\node_modules\\.mime-types-wKUqS8Fp',
480 silly reify   'C:\\opt\\workspace\\SELPLAT\\apps\\ai-desktop\\node_modules\\mime-db': 'C:\\opt\\workspace\\SELPLAT\\apps\\ai-desktop\\node_modules\\.mime-db-Uxe98T24',
480 silly reify   'C:\\opt\\workspace\\SELPLAT\\apps\\ai-desktop\\node_modules\\mimic-response': 'C:\\opt\\workspace\\SELPLAT\\apps\\ai-desktop\\node_modules\\.mimic-response-7tg30QaN',
480 silly reify   'C:\\opt\\workspace\\SELPLAT\\apps\\ai-desktop\\node_modules\\minimatch': 'C:\\opt\\workspace\\SELPLAT\\apps\\ai-desktop\\node_modules\\.minimatch-AdILJrIw',
480 silly reify   'C:\\opt\\workspace\\SELPLAT\\apps\\ai-desktop\\node_modules\\minimist': 'C:\\opt\\workspace\\SELPLAT\\apps\\ai-desktop\\node_modules\\.minimist-jxEjGrCw',
480 silly reify   'C:\\opt\\workspace\\SELPLAT\\apps\\ai-desktop\\node_modules\\minipass': 'C:\\opt\\workspace\\SELPLAT\\apps\\ai-desktop\\node_modules\\.minipass-55sC2BBS',
480 silly reify   'C:\\opt\\workspace\\SELPLAT\\apps\\ai-desktop\\node_modules\\minizlib': 'C:\\opt\\workspace\\SELPLAT\\apps\\ai-desktop\\node_modules\\.minizlib-2aFkhNch',
480 silly reify   'C:\\opt\\workspace\\SELPLAT\\apps\\ai-desktop\\node_modules\\mkdirp': 'C:\\opt\\workspace\\SELPLAT\\apps\\ai-desktop\\node_modules\\.mkdirp-RCpmvPRS',
480 silly reify   'C:\\opt\\workspace\\SELPLAT\\apps\\ai-desktop\\node_modules\\ms': 'C:\\opt\\workspace\\SELPLAT\\apps\\ai-desktop\\node_modules\\.ms-AdQuWCZd',
480 silly reify   'C:\\opt\\workspace\\SELPLAT\\apps\\ai-desktop\\node_modules\\nanoid': 'C:\\opt\\workspace\\SELPLAT\\apps\\ai-desktop\\node_modules\\.nanoid-VDdiHiYY',
480 silly reify   'C:\\opt\\workspace\\SELPLAT\\apps\\ai-desktop\\node_modules\\node-abi': 'C:\\opt\\workspace\\SELPLAT\\apps\\ai-desktop\\node_modules\\.node-abi-pz20Ooym',
480 silly reify   'C:\\opt\\workspace\\SELPLAT\\apps\\ai-desktop\\node_modules\\node-api-version': 'C:\\opt\\workspace\\SELPLAT\\apps\\ai-desktop\\node_modules\\.node-api-version-iRd7mbej',
480 silly reify   'C:\\opt\\workspace\\SELPLAT\\apps\\ai-desktop\\node_modules\\node-gyp': 'C:\\opt\\workspace\\SELPLAT\\apps\\ai-desktop\\node_modules\\.node-gyp-5WXmP2SO',
480 silly reify   'C:\\opt\\workspace\\SELPLAT\\apps\\ai-desktop\\node_modules\\node-int64': 'C:\\opt\\workspace\\SELPLAT\\apps\\ai-desktop\\node_modules\\.node-int64-LYT5cu7X',
480 silly reify   'C:\\opt\\workspace\\SELPLAT\\apps\\ai-desktop\\node_modules\\node-releases': 'C:\\opt\\workspace\\SELPLAT\\apps\\ai-desktop\\node_modules\\.node-releases-Y2VNCiob',
480 silly reify   'C:\\opt\\workspace\\SELPLAT\\apps\\ai-desktop\\node_modules\\nopt': 'C:\\opt\\workspace\\SELPLAT\\apps\\ai-desktop\\node_modules\\.nopt-uETS3cly',
480 silly reify   'C:\\opt\\workspace\\SELPLAT\\apps\\ai-desktop\\node_modules\\normalize-url': 'C:\\opt\\workspace\\SELPLAT\\apps\\ai-desktop\\node_modules\\.normalize-url-2Bi6evZ5',
480 silly reify   'C:\\opt\\workspace\\SELPLAT\\apps\\ai-desktop\\node_modules\\object-keys': 'C:\\opt\\workspace\\SELPLAT\\apps\\ai-desktop\\node_modules\\.object-keys-PkMTEFKc',
480 silly reify   'C:\\opt\\workspace\\SELPLAT\\apps\\ai-desktop\\node_modules\\once': 'C:\\opt\\workspace\\SELPLAT\\apps\\ai-desktop\\node_modules\\.once-GlIvWFGW',
480 silly reify   'C:\\opt\\workspace\\SELPLAT\\apps\\ai-desktop\\node_modules\\p-cancelable': 'C:\\opt\\workspace\\SELPLAT\\apps\\ai-desktop\\node_modules\\.p-cancelable-2k0bNKRm',
480 silly reify   'C:\\opt\\workspace\\SELPLAT\\apps\\ai-desktop\\node_modules\\p-limit': 'C:\\opt\\workspace\\SELPLAT\\apps\\ai-desktop\\node_modules\\.p-limit-bmerijOs',
480 silly reify   'C:\\opt\\workspace\\SELPLAT\\apps\\ai-desktop\\node_modules\\parse-entities': 'C:\\opt\\workspace\\SELPLAT\\apps\\ai-desktop\\node_modules\\.parse-entities-hwRenHNl',
480 silly reify   'C:\\opt\\workspace\\SELPLAT\\apps\\ai-desktop\\node_modules\\path-is-absolute': 'C:\\opt\\workspace\\SELPLAT\\apps\\ai-desktop\\node_modules\\.path-is-absolute-RcJKyTtt',
480 silly reify   'C:\\opt\\workspace\\SELPLAT\\apps\\ai-desktop\\node_modules\\path-key': 'C:\\opt\\workspace\\SELPLAT\\apps\\ai-desktop\\node_modules\\.path-key-Pa9ZSqkE',
480 silly reify   'C:\\opt\\workspace\\SELPLAT\\apps\\ai-desktop\\node_modules\\pend': 'C:\\opt\\workspace\\SELPLAT\\apps\\ai-desktop\\node_modules\\.pend-JwQOSuDI',
480 silly reify   'C:\\opt\\workspace\\SELPLAT\\apps\\ai-desktop\\node_modules\\pe-library': 'C:\\opt\\workspace\\SELPLAT\\apps\\ai-desktop\\node_modules\\.pe-library-kLWv2czz',
480 silly reify   'C:\\opt\\workspace\\SELPLAT\\apps\\ai-desktop\\node_modules\\picocolors': 'C:\\opt\\workspace\\SELPLAT\\apps\\ai-desktop\\node_modules\\.picocolors-DsT1QUhh',
480 silly reify   'C:\\opt\\workspace\\SELPLAT\\apps\\ai-desktop\\node_modules\\picomatch': 'C:\\opt\\workspace\\SELPLAT\\apps\\ai-desktop\\node_modules\\.picomatch-t5wCck5k',
480 silly reify   'C:\\opt\\workspace\\SELPLAT\\apps\\ai-desktop\\node_modules\\pkijs': 'C:\\opt\\workspace\\SELPLAT\\apps\\ai-desktop\\node_modules\\.pkijs-NoaQ8OEG',
480 silly reify   'C:\\opt\\workspace\\SELPLAT\\apps\\ai-desktop\\node_modules\\playwright': 'C:\\opt\\workspace\\SELPLAT\\apps\\ai-desktop\\node_modules\\.playwright-qRvxjpU2',
480 silly reify   'C:\\opt\\workspace\\SELPLAT\\apps\\ai-desktop\\node_modules\\playwright-core': 'C:\\opt\\workspace\\SELPLAT\\apps\\ai-desktop\\node_modules\\.playwright-core-ib2LsNrh',
480 silly reify   'C:\\opt\\workspace\\SELPLAT\\apps\\ai-desktop\\node_modules\\plist': 'C:\\opt\\workspace\\SELPLAT\\apps\\ai-desktop\\node_modules\\.plist-dSQPeNjv',
480 silly reify   'C:\\opt\\workspace\\SELPLAT\\apps\\ai-desktop\\node_modules\\postject': 'C:\\opt\\workspace\\SELPLAT\\apps\\ai-desktop\\node_modules\\.postject-8zlSDGfu',
480 silly reify   'C:\\opt\\workspace\\SELPLAT\\apps\\ai-desktop\\node_modules\\postcss': 'C:\\opt\\workspace\\SELPLAT\\apps\\ai-desktop\\node_modules\\.postcss-SkFbl9z7',
480 silly reify   'C:\\opt\\workspace\\SELPLAT\\apps\\ai-desktop\\node_modules\\proc-log': 'C:\\opt\\workspace\\SELPLAT\\apps\\ai-desktop\\node_modules\\.proc-log-9NkkUX6x',
480 silly reify   'C:\\opt\\workspace\\SELPLAT\\apps\\ai-desktop\\node_modules\\process-nextick-args': 'C:\\opt\\workspace\\SELPLAT\\apps\\ai-desktop\\node_modules\\.process-nextick-args-pFONvVve',
480 silly reify   'C:\\opt\\workspace\\SELPLAT\\apps\\ai-desktop\\node_modules\\progress': 'C:\\opt\\workspace\\SELPLAT\\apps\\ai-desktop\\node_modules\\.progress-EWf1v0qm',
480 silly reify   'C:\\opt\\workspace\\SELPLAT\\apps\\ai-desktop\\node_modules\\proper-lockfile': 'C:\\opt\\workspace\\SELPLAT\\apps\\ai-desktop\\node_modules\\.proper-lockfile-LNekewlo',
480 silly reify   'C:\\opt\\workspace\\SELPLAT\\apps\\ai-desktop\\node_modules\\promise-retry': 'C:\\opt\\workspace\\SELPLAT\\apps\\ai-desktop\\node_modules\\.promise-retry-2pL6SuYU',
480 silly reify   'C:\\opt\\workspace\\SELPLAT\\apps\\ai-desktop\\node_modules\\property-information': 'C:\\opt\\workspace\\SELPLAT\\apps\\ai-desktop\\node_modules\\.property-information-Y1K4riZA',
480 silly reify   'C:\\opt\\workspace\\SELPLAT\\apps\\ai-desktop\\node_modules\\pump': 'C:\\opt\\workspace\\SELPLAT\\apps\\ai-desktop\\node_modules\\.pump-fvhvrDQU',
480 silly reify   'C:\\opt\\workspace\\SELPLAT\\apps\\ai-desktop\\node_modules\\pvutils': 'C:\\opt\\workspace\\SELPLAT\\apps\\ai-desktop\\node_modules\\.pvutils-8rPjFO9n',
480 silly reify   'C:\\opt\\workspace\\SELPLAT\\apps\\ai-desktop\\node_modules\\pvtsutils': 'C:\\opt\\workspace\\SELPLAT\\apps\\ai-desktop\\node_modules\\.pvtsutils-AnO5RsDf',
480 silly reify   'C:\\opt\\workspace\\SELPLAT\\apps\\ai-desktop\\node_modules\\quick-lru': 'C:\\opt\\workspace\\SELPLAT\\apps\\ai-desktop\\node_modules\\.quick-lru-a7fn7TyD',
480 silly reify   'C:\\opt\\workspace\\SELPLAT\\apps\\ai-desktop\\node_modules\\react': 'C:\\opt\\workspace\\SELPLAT\\apps\\ai-desktop\\node_modules\\.react-uvZCGbDt',
480 silly reify   'C:\\opt\\workspace\\SELPLAT\\apps\\ai-desktop\\node_modules\\react-dom': 'C:\\opt\\workspace\\SELPLAT\\apps\\ai-desktop\\node_modules\\.react-dom-7HNFntjx',
480 silly reify   'C:\\opt\\workspace\\SELPLAT\\apps\\ai-desktop\\node_modules\\react-markdown': 'C:\\opt\\workspace\\SELPLAT\\apps\\ai-desktop\\node_modules\\.react-markdown-4JO44tSq',
480 silly reify   'C:\\opt\\workspace\\SELPLAT\\apps\\ai-desktop\\node_modules\\react-refresh': 'C:\\opt\\workspace\\SELPLAT\\apps\\ai-desktop\\node_modules\\.react-refresh-yVYmseYC',
480 silly reify   'C:\\opt\\workspace\\SELPLAT\\apps\\ai-desktop\\node_modules\\read-binary-file-arch': 'C:\\opt\\workspace\\SELPLAT\\apps\\ai-desktop\\node_modules\\.read-binary-file-arch-VGKoQjAj',
480 silly reify   'C:\\opt\\workspace\\SELPLAT\\apps\\ai-desktop\\node_modules\\readable-stream': 'C:\\opt\\workspace\\SELPLAT\\apps\\ai-desktop\\node_modules\\.readable-stream-eIOEGBAI',
480 silly reify   'C:\\opt\\workspace\\SELPLAT\\apps\\ai-desktop\\node_modules\\remark-gfm': 'C:\\opt\\workspace\\SELPLAT\\apps\\ai-desktop\\node_modules\\.remark-gfm-KrWXOldI',
480 silly reify   'C:\\opt\\workspace\\SELPLAT\\apps\\ai-desktop\\node_modules\\remark-rehype': 'C:\\opt\\workspace\\SELPLAT\\apps\\ai-desktop\\node_modules\\.remark-rehype-GNaPFJts',
480 silly reify   'C:\\opt\\workspace\\SELPLAT\\apps\\ai-desktop\\node_modules\\remark-parse': 'C:\\opt\\workspace\\SELPLAT\\apps\\ai-desktop\\node_modules\\.remark-parse-hpU5UQD9',
480 silly reify   'C:\\opt\\workspace\\SELPLAT\\apps\\ai-desktop\\node_modules\\remark-stringify': 'C:\\opt\\workspace\\SELPLAT\\apps\\ai-desktop\\node_modules\\.remark-stringify-20V3HHRy',
480 silly reify   'C:\\opt\\workspace\\SELPLAT\\apps\\ai-desktop\\node_modules\\require-directory': 'C:\\opt\\workspace\\SELPLAT\\apps\\ai-desktop\\node_modules\\.require-directory-KRfoZE9k',
480 silly reify   'C:\\opt\\workspace\\SELPLAT\\apps\\ai-desktop\\node_modules\\require-from-string': 'C:\\opt\\workspace\\SELPLAT\\apps\\ai-desktop\\node_modules\\.require-from-string-04G6uoo0',
480 silly reify   'C:\\opt\\workspace\\SELPLAT\\apps\\ai-desktop\\node_modules\\resedit': 'C:\\opt\\workspace\\SELPLAT\\apps\\ai-desktop\\node_modules\\.resedit-K05W5gjo',
480 silly reify   'C:\\opt\\workspace\\SELPLAT\\apps\\ai-desktop\\node_modules\\resolve-alpn': 'C:\\opt\\workspace\\SELPLAT\\apps\\ai-desktop\\node_modules\\.resolve-alpn-XsFHVUdD',
480 silly reify   'C:\\opt\\workspace\\SELPLAT\\apps\\ai-desktop\\node_modules\\responselike': 'C:\\opt\\workspace\\SELPLAT\\apps\\ai-desktop\\node_modules\\.responselike-mVP51GTS',
480 silly reify   'C:\\opt\\workspace\\SELPLAT\\apps\\ai-desktop\\node_modules\\retry': 'C:\\opt\\workspace\\SELPLAT\\apps\\ai-desktop\\node_modules\\.retry-1G7GmdHD',
480 silly reify   'C:\\opt\\workspace\\SELPLAT\\apps\\ai-desktop\\node_modules\\rimraf': 'C:\\opt\\workspace\\SELPLAT\\apps\\ai-desktop\\node_modules\\.rimraf-jIklQ9Ft',
480 silly reify   'C:\\opt\\workspace\\SELPLAT\\apps\\ai-desktop\\node_modules\\roarr': 'C:\\opt\\workspace\\SELPLAT\\apps\\ai-desktop\\node_modules\\.roarr-L5Q6YBzy',
480 silly reify   'C:\\opt\\workspace\\SELPLAT\\apps\\ai-desktop\\node_modules\\rollup': 'C:\\opt\\workspace\\SELPLAT\\apps\\ai-desktop\\node_modules\\.rollup-v9i6EvMH',
480 silly reify   'C:\\opt\\workspace\\SELPLAT\\apps\\ai-desktop\\node_modules\\rtl-css-js': 'C:\\opt\\workspace\\SELPLAT\\apps\\ai-desktop\\node_modules\\.rtl-css-js-D9tWbn3D',
480 silly reify   'C:\\opt\\workspace\\SELPLAT\\apps\\ai-desktop\\node_modules\\safe-buffer': 'C:\\opt\\workspace\\SELPLAT\\apps\\ai-desktop\\node_modules\\.safe-buffer-Nojdqtbi',
480 silly reify   'C:\\opt\\workspace\\SELPLAT\\apps\\ai-desktop\\node_modules\\sanitize-filename': 'C:\\opt\\workspace\\SELPLAT\\apps\\ai-desktop\\node_modules\\.sanitize-filename-EiA70j0E',
480 silly reify   'C:\\opt\\workspace\\SELPLAT\\apps\\ai-desktop\\node_modules\\sax': 'C:\\opt\\workspace\\SELPLAT\\apps\\ai-desktop\\node_modules\\.sax-mfWqUx9u',
480 silly reify   'C:\\opt\\workspace\\SELPLAT\\apps\\ai-desktop\\node_modules\\semver': 'C:\\opt\\workspace\\SELPLAT\\apps\\ai-desktop\\node_modules\\.semver-zslu6bRh',
480 silly reify   'C:\\opt\\workspace\\SELPLAT\\apps\\ai-desktop\\node_modules\\scheduler': 'C:\\opt\\workspace\\SELPLAT\\apps\\ai-desktop\\node_modules\\.scheduler-qK5Txjcu',
480 silly reify   'C:\\opt\\workspace\\SELPLAT\\apps\\ai-desktop\\node_modules\\semver-compare': 'C:\\opt\\workspace\\SELPLAT\\apps\\ai-desktop\\node_modules\\.semver-compare-kITq9jer',
480 silly reify   'C:\\opt\\workspace\\SELPLAT\\apps\\ai-desktop\\node_modules\\serialize-error': 'C:\\opt\\workspace\\SELPLAT\\apps\\ai-desktop\\node_modules\\.serialize-error-opyADaqU',
480 silly reify   'C:\\opt\\workspace\\SELPLAT\\apps\\ai-desktop\\node_modules\\shebang-regex': 'C:\\opt\\workspace\\SELPLAT\\apps\\ai-desktop\\node_modules\\.shebang-regex-XWVNLCHr',
480 silly reify   'C:\\opt\\workspace\\SELPLAT\\apps\\ai-desktop\\node_modules\\shebang-command': 'C:\\opt\\workspace\\SELPLAT\\apps\\ai-desktop\\node_modules\\.shebang-command-yn9ILbjY',
480 silly reify   'C:\\opt\\workspace\\SELPLAT\\apps\\ai-desktop\\node_modules\\signal-exit': 'C:\\opt\\workspace\\SELPLAT\\apps\\ai-desktop\\node_modules\\.signal-exit-Y9mz53PY',
480 silly reify   'C:\\opt\\workspace\\SELPLAT\\apps\\ai-desktop\\node_modules\\simple-update-notifier': 'C:\\opt\\workspace\\SELPLAT\\apps\\ai-desktop\\node_modules\\.simple-update-notifier-tBczYMyl',
480 silly reify   'C:\\opt\\workspace\\SELPLAT\\apps\\ai-desktop\\node_modules\\source-map': 'C:\\opt\\workspace\\SELPLAT\\apps\\ai-desktop\\node_modules\\.source-map-vW7tQwet',
480 silly reify   'C:\\opt\\workspace\\SELPLAT\\apps\\ai-desktop\\node_modules\\source-map-js': 'C:\\opt\\workspace\\SELPLAT\\apps\\ai-desktop\\node_modules\\.source-map-js-5MC4rjtv',
480 silly reify   'C:\\opt\\workspace\\SELPLAT\\apps\\ai-desktop\\node_modules\\space-separated-tokens': 'C:\\opt\\workspace\\SELPLAT\\apps\\ai-desktop\\node_modules\\.space-separated-tokens-qmcNJ9Xe',
480 silly reify   'C:\\opt\\workspace\\SELPLAT\\apps\\ai-desktop\\node_modules\\source-map-support': 'C:\\opt\\workspace\\SELPLAT\\apps\\ai-desktop\\node_modules\\.source-map-support-O7VSUO80',
480 silly reify   'C:\\opt\\workspace\\SELPLAT\\apps\\ai-desktop\\node_modules\\sprintf-js': 'C:\\opt\\workspace\\SELPLAT\\apps\\ai-desktop\\node_modules\\.sprintf-js-pD5JTfzI',
480 silly reify   'C:\\opt\\workspace\\SELPLAT\\apps\\ai-desktop\\node_modules\\stat-mode': 'C:\\opt\\workspace\\SELPLAT\\apps\\ai-desktop\\node_modules\\.stat-mode-A6uGUnb3',
480 silly reify   'C:\\opt\\workspace\\SELPLAT\\apps\\ai-desktop\\node_modules\\stringify-entities': 'C:\\opt\\workspace\\SELPLAT\\apps\\ai-desktop\\node_modules\\.stringify-entities-314JmdOA',
480 silly reify   'C:\\opt\\workspace\\SELPLAT\\apps\\ai-desktop\\node_modules\\string-width': 'C:\\opt\\workspace\\SELPLAT\\apps\\ai-desktop\\node_modules\\.string-width-X95RtIsw',
480 silly reify   'C:\\opt\\workspace\\SELPLAT\\apps\\ai-desktop\\node_modules\\string_decoder': 'C:\\opt\\workspace\\SELPLAT\\apps\\ai-desktop\\node_modules\\.string_decoder-pVz9uWjz',
480 silly reify   'C:\\opt\\workspace\\SELPLAT\\apps\\ai-desktop\\node_modules\\strip-ansi': 'C:\\opt\\workspace\\SELPLAT\\apps\\ai-desktop\\node_modules\\.strip-ansi-mC4H8vxq',
480 silly reify   'C:\\opt\\workspace\\SELPLAT\\apps\\ai-desktop\\node_modules\\style-to-js': 'C:\\opt\\workspace\\SELPLAT\\apps\\ai-desktop\\node_modules\\.style-to-js-pKE8jNP6',
480 silly reify   'C:\\opt\\workspace\\SELPLAT\\apps\\ai-desktop\\node_modules\\style-to-object': 'C:\\opt\\workspace\\SELPLAT\\apps\\ai-desktop\\node_modules\\.style-to-object-KvYdGBOe',
480 silly reify   'C:\\opt\\workspace\\SELPLAT\\apps\\ai-desktop\\node_modules\\stylis': 'C:\\opt\\workspace\\SELPLAT\\apps\\ai-desktop\\node_modules\\.stylis-Ar5yNRcg',
480 silly reify   'C:\\opt\\workspace\\SELPLAT\\apps\\ai-desktop\\node_modules\\sumchecker': 'C:\\opt\\workspace\\SELPLAT\\apps\\ai-desktop\\node_modules\\.sumchecker-LHX0XZi4',
480 silly reify   'C:\\opt\\workspace\\SELPLAT\\apps\\ai-desktop\\node_modules\\tar': 'C:\\opt\\workspace\\SELPLAT\\apps\\ai-desktop\\node_modules\\.tar-R6wGUFeT',
480 silly reify   'C:\\opt\\workspace\\SELPLAT\\apps\\ai-desktop\\node_modules\\temp': 'C:\\opt\\workspace\\SELPLAT\\apps\\ai-desktop\\node_modules\\.temp-3gzSeH2V',
480 silly reify   'C:\\opt\\workspace\\SELPLAT\\apps\\ai-desktop\\node_modules\\temp-file': 'C:\\opt\\workspace\\SELPLAT\\apps\\ai-desktop\\node_modules\\.temp-file-GEamQNrC',
480 silly reify   'C:\\opt\\workspace\\SELPLAT\\apps\\ai-desktop\\node_modules\\tiny-async-pool': 'C:\\opt\\workspace\\SELPLAT\\apps\\ai-desktop\\node_modules\\.tiny-async-pool-aJjNUdNT',
480 silly reify   'C:\\opt\\workspace\\SELPLAT\\apps\\ai-desktop\\node_modules\\tinyglobby': 'C:\\opt\\workspace\\SELPLAT\\apps\\ai-desktop\\node_modules\\.tinyglobby-23yczuLe',
480 silly reify   'C:\\opt\\workspace\\SELPLAT\\apps\\ai-desktop\\node_modules\\tmp': 'C:\\opt\\workspace\\SELPLAT\\apps\\ai-desktop\\node_modules\\.tmp-ajc53Jtf',
480 silly reify   'C:\\opt\\workspace\\SELPLAT\\apps\\ai-desktop\\node_modules\\tmp-promise': 'C:\\opt\\workspace\\SELPLAT\\apps\\ai-desktop\\node_modules\\.tmp-promise-86HkxihN',
480 silly reify   'C:\\opt\\workspace\\SELPLAT\\apps\\ai-desktop\\node_modules\\trim-lines': 'C:\\opt\\workspace\\SELPLAT\\apps\\ai-desktop\\node_modules\\.trim-lines-LpDCJJEt',
480 silly reify   'C:\\opt\\workspace\\SELPLAT\\apps\\ai-desktop\\node_modules\\trough': 'C:\\opt\\workspace\\SELPLAT\\apps\\ai-desktop\\node_modules\\.trough-Z6bEP9KW',
480 silly reify   'C:\\opt\\workspace\\SELPLAT\\apps\\ai-desktop\\node_modules\\truncate-utf8-bytes': 'C:\\opt\\workspace\\SELPLAT\\apps\\ai-desktop\\node_modules\\.truncate-utf8-bytes-rQufHAKZ',
480 silly reify   'C:\\opt\\workspace\\SELPLAT\\apps\\ai-desktop\\node_modules\\tslib': 'C:\\opt\\workspace\\SELPLAT\\apps\\ai-desktop\\node_modules\\.tslib-cv5LEz3o',
480 silly reify   'C:\\opt\\workspace\\SELPLAT\\apps\\ai-desktop\\node_modules\\type-fest': 'C:\\opt\\workspace\\SELPLAT\\apps\\ai-desktop\\node_modules\\.type-fest-cximt35P',
480 silly reify   'C:\\opt\\workspace\\SELPLAT\\apps\\ai-desktop\\node_modules\\undici': 'C:\\opt\\workspace\\SELPLAT\\apps\\ai-desktop\\node_modules\\.undici-ONQw8nHF',
480 silly reify   'C:\\opt\\workspace\\SELPLAT\\apps\\ai-desktop\\node_modules\\typescript': 'C:\\opt\\workspace\\SELPLAT\\apps\\ai-desktop\\node_modules\\.typescript-5fHpdySB',
480 silly reify   'C:\\opt\\workspace\\SELPLAT\\apps\\ai-desktop\\node_modules\\undici-types': 'C:\\opt\\workspace\\SELPLAT\\apps\\ai-desktop\\node_modules\\.undici-types-f22t3Ef1',
480 silly reify   'C:\\opt\\workspace\\SELPLAT\\apps\\ai-desktop\\node_modules\\unified': 'C:\\opt\\workspace\\SELPLAT\\apps\\ai-desktop\\node_modules\\.unified-Tqo2c2U6',
480 silly reify   'C:\\opt\\workspace\\SELPLAT\\apps\\ai-desktop\\node_modules\\unist-util-is': 'C:\\opt\\workspace\\SELPLAT\\apps\\ai-desktop\\node_modules\\.unist-util-is-Kk4QB9XP',
480 silly reify   'C:\\opt\\workspace\\SELPLAT\\apps\\ai-desktop\\node_modules\\unist-util-position': 'C:\\opt\\workspace\\SELPLAT\\apps\\ai-desktop\\node_modules\\.unist-util-position-XWp9OLYL',
480 silly reify   'C:\\opt\\workspace\\SELPLAT\\apps\\ai-desktop\\node_modules\\unist-util-stringify-position': 'C:\\opt\\workspace\\SELPLAT\\apps\\ai-desktop\\node_modules\\.unist-util-stringify-position-wb6ZhGWe',
480 silly reify   'C:\\opt\\workspace\\SELPLAT\\apps\\ai-desktop\\node_modules\\unist-util-visit': 'C:\\opt\\workspace\\SELPLAT\\apps\\ai-desktop\\node_modules\\.unist-util-visit-0IeR6cRP',
480 silly reify   'C:\\opt\\workspace\\SELPLAT\\apps\\ai-desktop\\node_modules\\universalify': 'C:\\opt\\workspace\\SELPLAT\\apps\\ai-desktop\\node_modules\\.universalify-on29EYqf',
480 silly reify   'C:\\opt\\workspace\\SELPLAT\\apps\\ai-desktop\\node_modules\\unist-util-visit-parents': 'C:\\opt\\workspace\\SELPLAT\\apps\\ai-desktop\\node_modules\\.unist-util-visit-parents-0wHiTRrW',
480 silly reify   'C:\\opt\\workspace\\SELPLAT\\apps\\ai-desktop\\node_modules\\unzipper': 'C:\\opt\\workspace\\SELPLAT\\apps\\ai-desktop\\node_modules\\.unzipper-OjJfij4g',
480 silly reify   'C:\\opt\\workspace\\SELPLAT\\apps\\ai-desktop\\node_modules\\update-browserslist-db': 'C:\\opt\\workspace\\SELPLAT\\apps\\ai-desktop\\node_modules\\.update-browserslist-db-pSdJVtuk',
480 silly reify   'C:\\opt\\workspace\\SELPLAT\\apps\\ai-desktop\\node_modules\\utf8-byte-length': 'C:\\opt\\workspace\\SELPLAT\\apps\\ai-desktop\\node_modules\\.utf8-byte-length-qpSk7Zqy',
480 silly reify   'C:\\opt\\workspace\\SELPLAT\\apps\\ai-desktop\\node_modules\\util-deprecate': 'C:\\opt\\workspace\\SELPLAT\\apps\\ai-desktop\\node_modules\\.util-deprecate-ELr9yLFt',
480 silly reify   'C:\\opt\\workspace\\SELPLAT\\apps\\ai-desktop\\node_modules\\vfile': 'C:\\opt\\workspace\\SELPLAT\\apps\\ai-desktop\\node_modules\\.vfile-VCdtSwyR',
480 silly reify   'C:\\opt\\workspace\\SELPLAT\\apps\\ai-desktop\\node_modules\\vfile-message': 'C:\\opt\\workspace\\SELPLAT\\apps\\ai-desktop\\node_modules\\.vfile-message-dq9rrSuY',
480 silly reify   'C:\\opt\\workspace\\SELPLAT\\apps\\ai-desktop\\node_modules\\vite': 'C:\\opt\\workspace\\SELPLAT\\apps\\ai-desktop\\node_modules\\.vite-f0k2MbTD',
480 silly reify   'C:\\opt\\workspace\\SELPLAT\\apps\\ai-desktop\\node_modules\\webcrypto-core': 'C:\\opt\\workspace\\SELPLAT\\apps\\ai-desktop\\node_modules\\.webcrypto-core-VbvaRaeR',
480 silly reify   'C:\\opt\\workspace\\SELPLAT\\apps\\ai-desktop\\node_modules\\which': 'C:\\opt\\workspace\\SELPLAT\\apps\\ai-desktop\\node_modules\\.which-T3gyKMZD',
480 silly reify   'C:\\opt\\workspace\\SELPLAT\\apps\\ai-desktop\\node_modules\\wrap-ansi': 'C:\\opt\\workspace\\SELPLAT\\apps\\ai-desktop\\node_modules\\.wrap-ansi-6X3GeDmj',
480 silly reify   'C:\\opt\\workspace\\SELPLAT\\apps\\ai-desktop\\node_modules\\xmlbuilder': 'C:\\opt\\workspace\\SELPLAT\\apps\\ai-desktop\\node_modules\\.xmlbuilder-FDEPH9cn',
480 silly reify   'C:\\opt\\workspace\\SELPLAT\\apps\\ai-desktop\\node_modules\\wrappy': 'C:\\opt\\workspace\\SELPLAT\\apps\\ai-desktop\\node_modules\\.wrappy-FqBa0xBf',
480 silly reify   'C:\\opt\\workspace\\SELPLAT\\apps\\ai-desktop\\node_modules\\y18n': 'C:\\opt\\workspace\\SELPLAT\\apps\\ai-desktop\\node_modules\\.y18n-dAJebB1V',
480 silly reify   'C:\\opt\\workspace\\SELPLAT\\apps\\ai-desktop\\node_modules\\yallist': 'C:\\opt\\workspace\\SELPLAT\\apps\\ai-desktop\\node_modules\\.yallist-1zMyv4c5',
480 silly reify   'C:\\opt\\workspace\\SELPLAT\\apps\\ai-desktop\\node_modules\\yargs': 'C:\\opt\\workspace\\SELPLAT\\apps\\ai-desktop\\node_modules\\.yargs-ayrvbfX0',
480 silly reify   'C:\\opt\\workspace\\SELPLAT\\apps\\ai-desktop\\node_modules\\yargs-parser': 'C:\\opt\\workspace\\SELPLAT\\apps\\ai-desktop\\node_modules\\.yargs-parser-MKbpPCIF',
480 silly reify   'C:\\opt\\workspace\\SELPLAT\\apps\\ai-desktop\\node_modules\\yauzl': 'C:\\opt\\workspace\\SELPLAT\\apps\\ai-desktop\\node_modules\\.yauzl-TIwDs2uZ',
480 silly reify   'C:\\opt\\workspace\\SELPLAT\\apps\\ai-desktop\\node_modules\\yocto-queue': 'C:\\opt\\workspace\\SELPLAT\\apps\\ai-desktop\\node_modules\\.yocto-queue-vDPpMtxg',
480 silly reify   'C:\\opt\\workspace\\SELPLAT\\apps\\ai-desktop\\node_modules\\zwitch': 'C:\\opt\\workspace\\SELPLAT\\apps\\ai-desktop\\node_modules\\.zwitch-lV2XflAA',
480 silly reify   'C:\\opt\\workspace\\SELPLAT\\apps\\ai-desktop\\node_modules\\@babel\\code-frame': 'C:\\opt\\workspace\\SELPLAT\\apps\\ai-desktop\\node_modules\\@babel\\.code-frame-yd5rKTFo',
480 silly reify   'C:\\opt\\workspace\\SELPLAT\\apps\\ai-desktop\\node_modules\\@babel\\core': 'C:\\opt\\workspace\\SELPLAT\\apps\\ai-desktop\\node_modules\\@babel\\.core-sNHHWTv6',
480 silly reify   'C:\\opt\\workspace\\SELPLAT\\apps\\ai-desktop\\node_modules\\@babel\\compat-data': 'C:\\opt\\workspace\\SELPLAT\\apps\\ai-desktop\\node_modules\\@babel\\.compat-data-kQEnFiPn',
480 silly reify   'C:\\opt\\workspace\\SELPLAT\\apps\\ai-desktop\\node_modules\\@babel\\generator': 'C:\\opt\\workspace\\SELPLAT\\apps\\ai-desktop\\node_modules\\@babel\\.generator-CVLABRLw',
480 silly reify   'C:\\opt\\workspace\\SELPLAT\\apps\\ai-desktop\\node_modules\\@babel\\helper-compilation-targets': 'C:\\opt\\workspace\\SELPLAT\\apps\\ai-desktop\\node_modules\\@babel\\.helper-compilation-targets-wH7Oivjg',
480 silly reify   'C:\\opt\\workspace\\SELPLAT\\apps\\ai-desktop\\node_modules\\@babel\\helper-module-imports': 'C:\\opt\\workspace\\SELPLAT\\apps\\ai-desktop\\node_modules\\@babel\\.helper-module-imports-3CNXF0gg',
480 silly reify   'C:\\opt\\workspace\\SELPLAT\\apps\\ai-desktop\\node_modules\\@babel\\helper-globals': 'C:\\opt\\workspace\\SELPLAT\\apps\\ai-desktop\\node_modules\\@babel\\.helper-globals-1Bwpprlk',
480 silly reify   'C:\\opt\\workspace\\SELPLAT\\apps\\ai-desktop\\node_modules\\@babel\\helper-module-transforms': 'C:\\opt\\workspace\\SELPLAT\\apps\\ai-desktop\\node_modules\\@babel\\.helper-module-transforms-5TbiwmRR',
480 silly reify   'C:\\opt\\workspace\\SELPLAT\\apps\\ai-desktop\\node_modules\\@babel\\helper-plugin-utils': 'C:\\opt\\workspace\\SELPLAT\\apps\\ai-desktop\\node_modules\\@babel\\.helper-plugin-utils-o4Xsw8NX',
480 silly reify   'C:\\opt\\workspace\\SELPLAT\\apps\\ai-desktop\\node_modules\\@babel\\helper-string-parser': 'C:\\opt\\workspace\\SELPLAT\\apps\\ai-desktop\\node_modules\\@babel\\.helper-string-parser-jPWHSEuK',
480 silly reify   'C:\\opt\\workspace\\SELPLAT\\apps\\ai-desktop\\node_modules\\@babel\\helper-validator-identifier': 'C:\\opt\\workspace\\SELPLAT\\apps\\ai-desktop\\node_modules\\@babel\\.helper-validator-identifier-Ntz29Hd4',
480 silly reify   'C:\\opt\\workspace\\SELPLAT\\apps\\ai-desktop\\node_modules\\@babel\\helper-validator-option': 'C:\\opt\\workspace\\SELPLAT\\apps\\ai-desktop\\node_modules\\@babel\\.helper-validator-option-LYsIcmIt',
480 silly reify   'C:\\opt\\workspace\\SELPLAT\\apps\\ai-desktop\\node_modules\\@babel\\helpers': 'C:\\opt\\workspace\\SELPLAT\\apps\\ai-desktop\\node_modules\\@babel\\.helpers-bEg0xjSb',
480 silly reify   'C:\\opt\\workspace\\SELPLAT\\apps\\ai-desktop\\node_modules\\@babel\\parser': 'C:\\opt\\workspace\\SELPLAT\\apps\\ai-desktop\\node_modules\\@babel\\.parser-hd0jBhxp',
480 silly reify   'C:\\opt\\workspace\\SELPLAT\\apps\\ai-desktop\\node_modules\\@babel\\plugin-transform-react-jsx-self': 'C:\\opt\\workspace\\SELPLAT\\apps\\ai-desktop\\node_modules\\@babel\\.plugin-transform-react-jsx-self-Mag4e4Ih',
480 silly reify   'C:\\opt\\workspace\\SELPLAT\\apps\\ai-desktop\\node_modules\\@babel\\plugin-transform-react-jsx-source': 'C:\\opt\\workspace\\SELPLAT\\apps\\ai-desktop\\node_modules\\@babel\\.plugin-transform-react-jsx-source-HVag1IFN',
480 silly reify   'C:\\opt\\workspace\\SELPLAT\\apps\\ai-desktop\\node_modules\\@babel\\runtime': 'C:\\opt\\workspace\\SELPLAT\\apps\\ai-desktop\\node_modules\\@babel\\.runtime-mtVQ7XPn',
480 silly reify   'C:\\opt\\workspace\\SELPLAT\\apps\\ai-desktop\\node_modules\\@babel\\template': 'C:\\opt\\workspace\\SELPLAT\\apps\\ai-desktop\\node_modules\\@babel\\.template-TM0e5UVF',
480 silly reify   'C:\\opt\\workspace\\SELPLAT\\apps\\ai-desktop\\node_modules\\@babel\\traverse': 'C:\\opt\\workspace\\SELPLAT\\apps\\ai-desktop\\node_modules\\@babel\\.traverse-56D2AMN9',
480 silly reify   'C:\\opt\\workspace\\SELPLAT\\apps\\ai-desktop\\node_modules\\@babel\\types': 'C:\\opt\\workspace\\SELPLAT\\apps\\ai-desktop\\node_modules\\@babel\\.types-GcSPKEXG',
480 silly reify   'C:\\opt\\workspace\\SELPLAT\\apps\\ai-desktop\\node_modules\\@electron\\asar': 'C:\\opt\\workspace\\SELPLAT\\apps\\ai-desktop\\node_modules\\@electron\\.asar-yJ3Ek05w',
480 silly reify   'C:\\opt\\workspace\\SELPLAT\\apps\\ai-desktop\\node_modules\\@electron\\get': 'C:\\opt\\workspace\\SELPLAT\\apps\\ai-desktop\\node_modules\\@electron\\.get-4pLpD5g9',
480 silly reify   'C:\\opt\\workspace\\SELPLAT\\apps\\ai-desktop\\node_modules\\@electron\\fuses': 'C:\\opt\\workspace\\SELPLAT\\apps\\ai-desktop\\node_modules\\@electron\\.fuses-9qsCaHYn',
480 silly reify   'C:\\opt\\workspace\\SELPLAT\\apps\\ai-desktop\\node_modules\\@electron\\notarize': 'C:\\opt\\workspace\\SELPLAT\\apps\\ai-desktop\\node_modules\\@electron\\.notarize-Pbo9BdOi',
480 silly reify   'C:\\opt\\workspace\\SELPLAT\\apps\\ai-desktop\\node_modules\\@electron\\osx-sign': 'C:\\opt\\workspace\\SELPLAT\\apps\\ai-desktop\\node_modules\\@electron\\.osx-sign-cvgxRWSZ',
480 silly reify   'C:\\opt\\workspace\\SELPLAT\\apps\\ai-desktop\\node_modules\\@electron\\rebuild': 'C:\\opt\\workspace\\SELPLAT\\apps\\ai-desktop\\node_modules\\@electron\\.rebuild-fvHy5Mpj',
480 silly reify   'C:\\opt\\workspace\\SELPLAT\\apps\\ai-desktop\\node_modules\\@electron\\universal': 'C:\\opt\\workspace\\SELPLAT\\apps\\ai-desktop\\node_modules\\@electron\\.universal-o2ALcsea',
480 silly reify   'C:\\opt\\workspace\\SELPLAT\\apps\\ai-desktop\\node_modules\\@electron\\windows-sign': 'C:\\opt\\workspace\\SELPLAT\\apps\\ai-desktop\\node_modules\\@electron\\.windows-sign-IfBDjplv',
480 silly reify   'C:\\opt\\workspace\\SELPLAT\\apps\\ai-desktop\\node_modules\\@emotion\\hash': 'C:\\opt\\workspace\\SELPLAT\\apps\\ai-desktop\\node_modules\\@emotion\\.hash-VuJGg2Iv',
480 silly reify   'C:\\opt\\workspace\\SELPLAT\\apps\\ai-desktop\\node_modules\\@esbuild\\aix-ppc64': 'C:\\opt\\workspace\\SELPLAT\\apps\\ai-desktop\\node_modules\\@esbuild\\.aix-ppc64-1WWTKMVR',
480 silly reify   'C:\\opt\\workspace\\SELPLAT\\apps\\ai-desktop\\node_modules\\@esbuild\\android-arm': 'C:\\opt\\workspace\\SELPLAT\\apps\\ai-desktop\\node_modules\\@esbuild\\.android-arm-8Wt0HqqE',
480 silly reify   'C:\\opt\\workspace\\SELPLAT\\apps\\ai-desktop\\node_modules\\@esbuild\\android-arm64': 'C:\\opt\\workspace\\SELPLAT\\apps\\ai-desktop\\node_modules\\@esbuild\\.android-arm64-TVWcGaFW',
480 silly reify   'C:\\opt\\workspace\\SELPLAT\\apps\\ai-desktop\\node_modules\\@esbuild\\android-x64': 'C:\\opt\\workspace\\SELPLAT\\apps\\ai-desktop\\node_modules\\@esbuild\\.android-x64-UACkiZwW',
480 silly reify   'C:\\opt\\workspace\\SELPLAT\\apps\\ai-desktop\\node_modules\\@esbuild\\darwin-arm64': 'C:\\opt\\workspace\\SELPLAT\\apps\\ai-desktop\\node_modules\\@esbuild\\.darwin-arm64-7xwWsYws',
480 silly reify   'C:\\opt\\workspace\\SELPLAT\\apps\\ai-desktop\\node_modules\\@esbuild\\darwin-x64': 'C:\\opt\\workspace\\SELPLAT\\apps\\ai-desktop\\node_modules\\@esbuild\\.darwin-x64-CAAowCu4',
480 silly reify   'C:\\opt\\workspace\\SELPLAT\\apps\\ai-desktop\\node_modules\\@esbuild\\freebsd-arm64': 'C:\\opt\\workspace\\SELPLAT\\apps\\ai-desktop\\node_modules\\@esbuild\\.freebsd-arm64-Hy7U1Y7G',
480 silly reify   'C:\\opt\\workspace\\SELPLAT\\apps\\ai-desktop\\node_modules\\@esbuild\\freebsd-x64': 'C:\\opt\\workspace\\SELPLAT\\apps\\ai-desktop\\node_modules\\@esbuild\\.freebsd-x64-2huryE2h',
480 silly reify   'C:\\opt\\workspace\\SELPLAT\\apps\\ai-desktop\\node_modules\\@esbuild\\linux-arm': 'C:\\opt\\workspace\\SELPLAT\\apps\\ai-desktop\\node_modules\\@esbuild\\.linux-arm-NzjYdgCC',
480 silly reify   'C:\\opt\\workspace\\SELPLAT\\apps\\ai-desktop\\node_modules\\@esbuild\\linux-arm64': 'C:\\opt\\workspace\\SELPLAT\\apps\\ai-desktop\\node_modules\\@esbuild\\.linux-arm64-7pRhMVug',
480 silly reify   'C:\\opt\\workspace\\SELPLAT\\apps\\ai-desktop\\node_modules\\@esbuild\\linux-ia32': 'C:\\opt\\workspace\\SELPLAT\\apps\\ai-desktop\\node_modules\\@esbuild\\.linux-ia32-3JGxbHNV',
480 silly reify   'C:\\opt\\workspace\\SELPLAT\\apps\\ai-desktop\\node_modules\\@esbuild\\linux-loong64': 'C:\\opt\\workspace\\SELPLAT\\apps\\ai-desktop\\node_modules\\@esbuild\\.linux-loong64-Q1Wubg5e',
480 silly reify   'C:\\opt\\workspace\\SELPLAT\\apps\\ai-desktop\\node_modules\\@esbuild\\linux-mips64el': 'C:\\opt\\workspace\\SELPLAT\\apps\\ai-desktop\\node_modules\\@esbuild\\.linux-mips64el-ccTH4eKu',
480 silly reify   'C:\\opt\\workspace\\SELPLAT\\apps\\ai-desktop\\node_modules\\@esbuild\\linux-ppc64': 'C:\\opt\\workspace\\SELPLAT\\apps\\ai-desktop\\node_modules\\@esbuild\\.linux-ppc64-KBy9bL22',
480 silly reify   'C:\\opt\\workspace\\SELPLAT\\apps\\ai-desktop\\node_modules\\@esbuild\\linux-riscv64': 'C:\\opt\\workspace\\SELPLAT\\apps\\ai-desktop\\node_modules\\@esbuild\\.linux-riscv64-WayCUBbv',
480 silly reify   'C:\\opt\\workspace\\SELPLAT\\apps\\ai-desktop\\node_modules\\@esbuild\\linux-s390x': 'C:\\opt\\workspace\\SELPLAT\\apps\\ai-desktop\\node_modules\\@esbuild\\.linux-s390x-Clses59Q',
480 silly reify   'C:\\opt\\workspace\\SELPLAT\\apps\\ai-desktop\\node_modules\\@esbuild\\linux-x64': 'C:\\opt\\workspace\\SELPLAT\\apps\\ai-desktop\\node_modules\\@esbuild\\.linux-x64-Uycv9mDS',
480 silly reify   'C:\\opt\\workspace\\SELPLAT\\apps\\ai-desktop\\node_modules\\@esbuild\\netbsd-arm64': 'C:\\opt\\workspace\\SELPLAT\\apps\\ai-desktop\\node_modules\\@esbuild\\.netbsd-arm64-DFgCEHmK',
480 silly reify   'C:\\opt\\workspace\\SELPLAT\\apps\\ai-desktop\\node_modules\\@esbuild\\netbsd-x64': 'C:\\opt\\workspace\\SELPLAT\\apps\\ai-desktop\\node_modules\\@esbuild\\.netbsd-x64-yLFK5EmH',
480 silly reify   'C:\\opt\\workspace\\SELPLAT\\apps\\ai-desktop\\node_modules\\@esbuild\\openbsd-arm64': 'C:\\opt\\workspace\\SELPLAT\\apps\\ai-desktop\\node_modules\\@esbuild\\.openbsd-arm64-FPgx9aAy',
480 silly reify   'C:\\opt\\workspace\\SELPLAT\\apps\\ai-desktop\\node_modules\\@esbuild\\openbsd-x64': 'C:\\opt\\workspace\\SELPLAT\\apps\\ai-desktop\\node_modules\\@esbuild\\.openbsd-x64-jaQb7jxR',
480 silly reify   'C:\\opt\\workspace\\SELPLAT\\apps\\ai-desktop\\node_modules\\@esbuild\\openharmony-arm64': 'C:\\opt\\workspace\\SELPLAT\\apps\\ai-desktop\\node_modules\\@esbuild\\.openharmony-arm64-ShKsDx42',
480 silly reify   'C:\\opt\\workspace\\SELPLAT\\apps\\ai-desktop\\node_modules\\@esbuild\\sunos-x64': 'C:\\opt\\workspace\\SELPLAT\\apps\\ai-desktop\\node_modules\\@esbuild\\.sunos-x64-X6HbYqER',
480 silly reify   'C:\\opt\\workspace\\SELPLAT\\apps\\ai-desktop\\node_modules\\@esbuild\\win32-arm64': 'C:\\opt\\workspace\\SELPLAT\\apps\\ai-desktop\\node_modules\\@esbuild\\.win32-arm64-DTX810bc',
480 silly reify   'C:\\opt\\workspace\\SELPLAT\\apps\\ai-desktop\\node_modules\\@esbuild\\win32-ia32': 'C:\\opt\\workspace\\SELPLAT\\apps\\ai-desktop\\node_modules\\@esbuild\\.win32-ia32-U9GSRB1Z',
480 silly reify   'C:\\opt\\workspace\\SELPLAT\\apps\\ai-desktop\\node_modules\\@esbuild\\win32-x64': 'C:\\opt\\workspace\\SELPLAT\\apps\\ai-desktop\\node_modules\\@esbuild\\.win32-x64-zaTpPNYR',
480 silly reify   'C:\\opt\\workspace\\SELPLAT\\apps\\ai-desktop\\node_modules\\@epic-web\\invariant': 'C:\\opt\\workspace\\SELPLAT\\apps\\ai-desktop\\node_modules\\@epic-web\\.invariant-4Np2tmrx',
480 silly reify   'C:\\opt\\workspace\\SELPLAT\\apps\\ai-desktop\\node_modules\\@fluentui\\react-icons': 'C:\\opt\\workspace\\SELPLAT\\apps\\ai-desktop\\node_modules\\@fluentui\\.react-icons-iEBgWoK7',
480 silly reify   'C:\\opt\\workspace\\SELPLAT\\apps\\ai-desktop\\node_modules\\@griffel\\core': 'C:\\opt\\workspace\\SELPLAT\\apps\\ai-desktop\\node_modules\\@griffel\\.core-fGtBRZ4i',
480 silly reify   'C:\\opt\\workspace\\SELPLAT\\apps\\ai-desktop\\node_modules\\@griffel\\react': 'C:\\opt\\workspace\\SELPLAT\\apps\\ai-desktop\\node_modules\\@griffel\\.react-Sce9Bm40',
480 silly reify   'C:\\opt\\workspace\\SELPLAT\\apps\\ai-desktop\\node_modules\\@griffel\\style-types': 'C:\\opt\\workspace\\SELPLAT\\apps\\ai-desktop\\node_modules\\@griffel\\.style-types-QpU0MUyK',
480 silly reify   'C:\\opt\\workspace\\SELPLAT\\apps\\ai-desktop\\node_modules\\@isaacs\\fs-minipass': 'C:\\opt\\workspace\\SELPLAT\\apps\\ai-desktop\\node_modules\\@isaacs\\.fs-minipass-qq6zKoF2',
480 silly reify   'C:\\opt\\workspace\\SELPLAT\\apps\\ai-desktop\\node_modules\\@jridgewell\\gen-mapping': 'C:\\opt\\workspace\\SELPLAT\\apps\\ai-desktop\\node_modules\\@jridgewell\\.gen-mapping-z1lrnBYB',
480 silly reify   'C:\\opt\\workspace\\SELPLAT\\apps\\ai-desktop\\node_modules\\@jridgewell\\remapping': 'C:\\opt\\workspace\\SELPLAT\\apps\\ai-desktop\\node_modules\\@jridgewell\\.remapping-fKz2OTtJ',
480 silly reify   'C:\\opt\\workspace\\SELPLAT\\apps\\ai-desktop\\node_modules\\@jridgewell\\resolve-uri': 'C:\\opt\\workspace\\SELPLAT\\apps\\ai-desktop\\node_modules\\@jridgewell\\.resolve-uri-Ko9JLeaf',
480 silly reify   'C:\\opt\\workspace\\SELPLAT\\apps\\ai-desktop\\node_modules\\@jridgewell\\sourcemap-codec': 'C:\\opt\\workspace\\SELPLAT\\apps\\ai-desktop\\node_modules\\@jridgewell\\.sourcemap-codec-XNLMKQeL',
480 silly reify   'C:\\opt\\workspace\\SELPLAT\\apps\\ai-desktop\\node_modules\\@jridgewell\\trace-mapping': 'C:\\opt\\workspace\\SELPLAT\\apps\\ai-desktop\\node_modules\\@jridgewell\\.trace-mapping-p5eG6MQr',
480 silly reify   'C:\\opt\\workspace\\SELPLAT\\apps\\ai-desktop\\node_modules\\@malept\\cross-spawn-promise': 'C:\\opt\\workspace\\SELPLAT\\apps\\ai-desktop\\node_modules\\@malept\\.cross-spawn-promise-Zu76uPHY',
480 silly reify   'C:\\opt\\workspace\\SELPLAT\\apps\\ai-desktop\\node_modules\\@malept\\flatpak-bundler': 'C:\\opt\\workspace\\SELPLAT\\apps\\ai-desktop\\node_modules\\@malept\\.flatpak-bundler-GA56iq6h',
480 silly reify   'C:\\opt\\workspace\\SELPLAT\\apps\\ai-desktop\\node_modules\\@noble\\hashes': 'C:\\opt\\workspace\\SELPLAT\\apps\\ai-desktop\\node_modules\\@noble\\.hashes-nV7iSVeU',
480 silly reify   'C:\\opt\\workspace\\SELPLAT\\apps\\ai-desktop\\node_modules\\@openai\\codex': 'C:\\opt\\workspace\\SELPLAT\\apps\\ai-desktop\\node_modules\\@openai\\.codex-VIiyFTvw',
480 silly reify   'C:\\opt\\workspace\\SELPLAT\\apps\\ai-desktop\\node_modules\\@openai\\codex-darwin-arm64': 'C:\\opt\\workspace\\SELPLAT\\apps\\ai-desktop\\node_modules\\@openai\\.codex-darwin-arm64-ljkmyT8Z',
480 silly reify   'C:\\opt\\workspace\\SELPLAT\\apps\\ai-desktop\\node_modules\\@openai\\codex-darwin-x64': 'C:\\opt\\workspace\\SELPLAT\\apps\\ai-desktop\\node_modules\\@openai\\.codex-darwin-x64-Uh5rRzYj',
480 silly reify   'C:\\opt\\workspace\\SELPLAT\\apps\\ai-desktop\\node_modules\\@openai\\codex-linux-arm64': 'C:\\opt\\workspace\\SELPLAT\\apps\\ai-desktop\\node_modules\\@openai\\.codex-linux-arm64-9hTkkDpN',
480 silly reify   'C:\\opt\\workspace\\SELPLAT\\apps\\ai-desktop\\node_modules\\@openai\\codex-linux-x64': 'C:\\opt\\workspace\\SELPLAT\\apps\\ai-desktop\\node_modules\\@openai\\.codex-linux-x64-JNJn8XiH',
480 silly reify   'C:\\opt\\workspace\\SELPLAT\\apps\\ai-desktop\\node_modules\\@openai\\codex-win32-arm64': 'C:\\opt\\workspace\\SELPLAT\\apps\\ai-desktop\\node_modules\\@openai\\.codex-win32-arm64-cf8RUg1T',
480 silly reify   'C:\\opt\\workspace\\SELPLAT\\apps\\ai-desktop\\node_modules\\@openai\\codex-win32-x64': 'C:\\opt\\workspace\\SELPLAT\\apps\\ai-desktop\\node_modules\\@openai\\.codex-win32-x64-TJ3FQAo1',
480 silly reify   'C:\\opt\\workspace\\SELPLAT\\apps\\ai-desktop\\node_modules\\@peculiar\\asn1-schema': 'C:\\opt\\workspace\\SELPLAT\\apps\\ai-desktop\\node_modules\\@peculiar\\.asn1-schema-ZvxXtpwr',
480 silly reify   'C:\\opt\\workspace\\SELPLAT\\apps\\ai-desktop\\node_modules\\@peculiar\\json-schema': 'C:\\opt\\workspace\\SELPLAT\\apps\\ai-desktop\\node_modules\\@peculiar\\.json-schema-seiRod4S',
480 silly reify   'C:\\opt\\workspace\\SELPLAT\\apps\\ai-desktop\\node_modules\\@peculiar\\webcrypto': 'C:\\opt\\workspace\\SELPLAT\\apps\\ai-desktop\\node_modules\\@peculiar\\.webcrypto-3TIKuT8h',
480 silly reify   'C:\\opt\\workspace\\SELPLAT\\apps\\ai-desktop\\node_modules\\@peculiar\\utils': 'C:\\opt\\workspace\\SELPLAT\\apps\\ai-desktop\\node_modules\\@peculiar\\.utils-2DH4ftZv',
480 silly reify   'C:\\opt\\workspace\\SELPLAT\\apps\\ai-desktop\\node_modules\\@playwright\\test': 'C:\\opt\\workspace\\SELPLAT\\apps\\ai-desktop\\node_modules\\@playwright\\.test-wtDo5Pp7',
480 silly reify   'C:\\opt\\workspace\\SELPLAT\\apps\\ai-desktop\\node_modules\\@rolldown\\pluginutils': 'C:\\opt\\workspace\\SELPLAT\\apps\\ai-desktop\\node_modules\\@rolldown\\.pluginutils-GCSmvuYq',
480 silly reify   'C:\\opt\\workspace\\SELPLAT\\apps\\ai-desktop\\node_modules\\@rollup\\rollup-android-arm-eabi': 'C:\\opt\\workspace\\SELPLAT\\apps\\ai-desktop\\node_modules\\@rollup\\.rollup-android-arm-eabi-zvt7MoA5',
480 silly reify   'C:\\opt\\workspace\\SELPLAT\\apps\\ai-desktop\\node_modules\\@rollup\\rollup-android-arm64': 'C:\\opt\\workspace\\SELPLAT\\apps\\ai-desktop\\node_modules\\@rollup\\.rollup-android-arm64-XGlficab',
480 silly reify   'C:\\opt\\workspace\\SELPLAT\\apps\\ai-desktop\\node_modules\\@rollup\\rollup-darwin-arm64': 'C:\\opt\\workspace\\SELPLAT\\apps\\ai-desktop\\node_modules\\@rollup\\.rollup-darwin-arm64-hImSLCEj',
480 silly reify   'C:\\opt\\workspace\\SELPLAT\\apps\\ai-desktop\\node_modules\\@rollup\\rollup-darwin-x64': 'C:\\opt\\workspace\\SELPLAT\\apps\\ai-desktop\\node_modules\\@rollup\\.rollup-darwin-x64-dfTj4ZwZ',
480 silly reify   'C:\\opt\\workspace\\SELPLAT\\apps\\ai-desktop\\node_modules\\@rollup\\rollup-freebsd-arm64': 'C:\\opt\\workspace\\SELPLAT\\apps\\ai-desktop\\node_modules\\@rollup\\.rollup-freebsd-arm64-PV7QMnVj',
480 silly reify   'C:\\opt\\workspace\\SELPLAT\\apps\\ai-desktop\\node_modules\\@rollup\\rollup-freebsd-x64': 'C:\\opt\\workspace\\SELPLAT\\apps\\ai-desktop\\node_modules\\@rollup\\.rollup-freebsd-x64-FTVobytM',
480 silly reify   'C:\\opt\\workspace\\SELPLAT\\apps\\ai-desktop\\node_modules\\@rollup\\rollup-linux-arm-gnueabihf': 'C:\\opt\\workspace\\SELPLAT\\apps\\ai-desktop\\node_modules\\@rollup\\.rollup-linux-arm-gnueabihf-gD8NT906',
480 silly reify   'C:\\opt\\workspace\\SELPLAT\\apps\\ai-desktop\\node_modules\\@rollup\\rollup-linux-arm-musleabihf': 'C:\\opt\\workspace\\SELPLAT\\apps\\ai-desktop\\node_modules\\@rollup\\.rollup-linux-arm-musleabihf-xJyYhRDQ',
480 silly reify   'C:\\opt\\workspace\\SELPLAT\\apps\\ai-desktop\\node_modules\\@rollup\\rollup-linux-arm64-gnu': 'C:\\opt\\workspace\\SELPLAT\\apps\\ai-desktop\\node_modules\\@rollup\\.rollup-linux-arm64-gnu-ntnuz1dy',
480 silly reify   'C:\\opt\\workspace\\SELPLAT\\apps\\ai-desktop\\node_modules\\@rollup\\rollup-linux-arm64-musl': 'C:\\opt\\workspace\\SELPLAT\\apps\\ai-desktop\\node_modules\\@rollup\\.rollup-linux-arm64-musl-mVXavC5C',
480 silly reify   'C:\\opt\\workspace\\SELPLAT\\apps\\ai-desktop\\node_modules\\@rollup\\rollup-linux-loong64-gnu': 'C:\\opt\\workspace\\SELPLAT\\apps\\ai-desktop\\node_modules\\@rollup\\.rollup-linux-loong64-gnu-WEKwcFdd',
480 silly reify   'C:\\opt\\workspace\\SELPLAT\\apps\\ai-desktop\\node_modules\\@rollup\\rollup-linux-loong64-musl': 'C:\\opt\\workspace\\SELPLAT\\apps\\ai-desktop\\node_modules\\@rollup\\.rollup-linux-loong64-musl-IIeN2PFb',
480 silly reify   'C:\\opt\\workspace\\SELPLAT\\apps\\ai-desktop\\node_modules\\@rollup\\rollup-linux-ppc64-gnu': 'C:\\opt\\workspace\\SELPLAT\\apps\\ai-desktop\\node_modules\\@rollup\\.rollup-linux-ppc64-gnu-yE9RvfKC',
480 silly reify   'C:\\opt\\workspace\\SELPLAT\\apps\\ai-desktop\\node_modules\\@rollup\\rollup-linux-ppc64-musl': 'C:\\opt\\workspace\\SELPLAT\\apps\\ai-desktop\\node_modules\\@rollup\\.rollup-linux-ppc64-musl-ujaOYofm',
480 silly reify   'C:\\opt\\workspace\\SELPLAT\\apps\\ai-desktop\\node_modules\\@rollup\\rollup-linux-riscv64-gnu': 'C:\\opt\\workspace\\SELPLAT\\apps\\ai-desktop\\node_modules\\@rollup\\.rollup-linux-riscv64-gnu-6k1DXClY',
480 silly reify   'C:\\opt\\workspace\\SELPLAT\\apps\\ai-desktop\\node_modules\\@rollup\\rollup-linux-riscv64-musl': 'C:\\opt\\workspace\\SELPLAT\\apps\\ai-desktop\\node_modules\\@rollup\\.rollup-linux-riscv64-musl-agAY44cL',
480 silly reify   'C:\\opt\\workspace\\SELPLAT\\apps\\ai-desktop\\node_modules\\@rollup\\rollup-linux-s390x-gnu': 'C:\\opt\\workspace\\SELPLAT\\apps\\ai-desktop\\node_modules\\@rollup\\.rollup-linux-s390x-gnu-M7phc1yo',
480 silly reify   'C:\\opt\\workspace\\SELPLAT\\apps\\ai-desktop\\node_modules\\@rollup\\rollup-linux-x64-gnu': 'C:\\opt\\workspace\\SELPLAT\\apps\\ai-desktop\\node_modules\\@rollup\\.rollup-linux-x64-gnu-4OFmuZul',
480 silly reify   'C:\\opt\\workspace\\SELPLAT\\apps\\ai-desktop\\node_modules\\@rollup\\rollup-linux-x64-musl': 'C:\\opt\\workspace\\SELPLAT\\apps\\ai-desktop\\node_modules\\@rollup\\.rollup-linux-x64-musl-v8bomBLZ',
480 silly reify   'C:\\opt\\workspace\\SELPLAT\\apps\\ai-desktop\\node_modules\\@rollup\\rollup-openbsd-x64': 'C:\\opt\\workspace\\SELPLAT\\apps\\ai-desktop\\node_modules\\@rollup\\.rollup-openbsd-x64-GHrU12te',
480 silly reify   'C:\\opt\\workspace\\SELPLAT\\apps\\ai-desktop\\node_modules\\@rollup\\rollup-openharmony-arm64': 'C:\\opt\\workspace\\SELPLAT\\apps\\ai-desktop\\node_modules\\@rollup\\.rollup-openharmony-arm64-708Up113',
480 silly reify   'C:\\opt\\workspace\\SELPLAT\\apps\\ai-desktop\\node_modules\\@rollup\\rollup-win32-arm64-msvc': 'C:\\opt\\workspace\\SELPLAT\\apps\\ai-desktop\\node_modules\\@rollup\\.rollup-win32-arm64-msvc-b0hihxIo',
480 silly reify   'C:\\opt\\workspace\\SELPLAT\\apps\\ai-desktop\\node_modules\\@rollup\\rollup-win32-ia32-msvc': 'C:\\opt\\workspace\\SELPLAT\\apps\\ai-desktop\\node_modules\\@rollup\\.rollup-win32-ia32-msvc-B89ZekBw',
480 silly reify   'C:\\opt\\workspace\\SELPLAT\\apps\\ai-desktop\\node_modules\\@rollup\\rollup-win32-x64-gnu': 'C:\\opt\\workspace\\SELPLAT\\apps\\ai-desktop\\node_modules\\@rollup\\.rollup-win32-x64-gnu-lWBQSQww',
480 silly reify   'C:\\opt\\workspace\\SELPLAT\\apps\\ai-desktop\\node_modules\\@rollup\\rollup-win32-x64-msvc': 'C:\\opt\\workspace\\SELPLAT\\apps\\ai-desktop\\node_modules\\@rollup\\.rollup-win32-x64-msvc-Z9GXd6vn',
480 silly reify   'C:\\opt\\workspace\\SELPLAT\\apps\\ai-desktop\\node_modules\\@sindresorhus\\is': 'C:\\opt\\workspace\\SELPLAT\\apps\\ai-desktop\\node_modules\\@sindresorhus\\.is-CHZ3tFQn',
480 silly reify   'C:\\opt\\workspace\\SELPLAT\\apps\\ai-desktop\\node_modules\\@szmarczak\\http-timer': 'C:\\opt\\workspace\\SELPLAT\\apps\\ai-desktop\\node_modules\\@szmarczak\\.http-timer-93lPLgL1',
480 silly reify   'C:\\opt\\workspace\\SELPLAT\\apps\\ai-desktop\\node_modules\\@types\\babel__core': 'C:\\opt\\workspace\\SELPLAT\\apps\\ai-desktop\\node_modules\\@types\\.babel__core-d9QwO3rm',
480 silly reify   'C:\\opt\\workspace\\SELPLAT\\apps\\ai-desktop\\node_modules\\@types\\babel__generator': 'C:\\opt\\workspace\\SELPLAT\\apps\\ai-desktop\\node_modules\\@types\\.babel__generator-EfUNyEPW',
480 silly reify   'C:\\opt\\workspace\\SELPLAT\\apps\\ai-desktop\\node_modules\\@types\\babel__template': 'C:\\opt\\workspace\\SELPLAT\\apps\\ai-desktop\\node_modules\\@types\\.babel__template-8UGRuRV5',
480 silly reify   'C:\\opt\\workspace\\SELPLAT\\apps\\ai-desktop\\node_modules\\@types\\babel__traverse': 'C:\\opt\\workspace\\SELPLAT\\apps\\ai-desktop\\node_modules\\@types\\.babel__traverse-MBMghU1T',
480 silly reify   'C:\\opt\\workspace\\SELPLAT\\apps\\ai-desktop\\node_modules\\@types\\cacheable-request': 'C:\\opt\\workspace\\SELPLAT\\apps\\ai-desktop\\node_modules\\@types\\.cacheable-request-10o4LYaF',
480 silly reify   'C:\\opt\\workspace\\SELPLAT\\apps\\ai-desktop\\node_modules\\@types\\estree': 'C:\\opt\\workspace\\SELPLAT\\apps\\ai-desktop\\node_modules\\@types\\.estree-YCLaeE0O',
480 silly reify   'C:\\opt\\workspace\\SELPLAT\\apps\\ai-desktop\\node_modules\\@types\\debug': 'C:\\opt\\workspace\\SELPLAT\\apps\\ai-desktop\\node_modules\\@types\\.debug-9X0aMv1y',
480 silly reify   'C:\\opt\\workspace\\SELPLAT\\apps\\ai-desktop\\node_modules\\@types\\estree-jsx': 'C:\\opt\\workspace\\SELPLAT\\apps\\ai-desktop\\node_modules\\@types\\.estree-jsx-ssRyevsL',
480 silly reify   'C:\\opt\\workspace\\SELPLAT\\apps\\ai-desktop\\node_modules\\@types\\fs-extra': 'C:\\opt\\workspace\\SELPLAT\\apps\\ai-desktop\\node_modules\\@types\\.fs-extra-qEBekfm9',
480 silly reify   'C:\\opt\\workspace\\SELPLAT\\apps\\ai-desktop\\node_modules\\@types\\hast': 'C:\\opt\\workspace\\SELPLAT\\apps\\ai-desktop\\node_modules\\@types\\.hast-hxRMxVG5',
480 silly reify   'C:\\opt\\workspace\\SELPLAT\\apps\\ai-desktop\\node_modules\\@types\\keyv': 'C:\\opt\\workspace\\SELPLAT\\apps\\ai-desktop\\node_modules\\@types\\.keyv-1UgfibNP',
480 silly reify   'C:\\opt\\workspace\\SELPLAT\\apps\\ai-desktop\\node_modules\\@types\\http-cache-semantics': 'C:\\opt\\workspace\\SELPLAT\\apps\\ai-desktop\\node_modules\\@types\\.http-cache-semantics-muQdGWt5',
480 silly reify   'C:\\opt\\workspace\\SELPLAT\\apps\\ai-desktop\\node_modules\\@types\\ms': 'C:\\opt\\workspace\\SELPLAT\\apps\\ai-desktop\\node_modules\\@types\\.ms-sUhSpKJB',
480 silly reify   'C:\\opt\\workspace\\SELPLAT\\apps\\ai-desktop\\node_modules\\@types\\mdast': 'C:\\opt\\workspace\\SELPLAT\\apps\\ai-desktop\\node_modules\\@types\\.mdast-HRuHUxgH',
480 silly reify   'C:\\opt\\workspace\\SELPLAT\\apps\\ai-desktop\\node_modules\\@types\\node': 'C:\\opt\\workspace\\SELPLAT\\apps\\ai-desktop\\node_modules\\@types\\.node-3nIGVFwt',
480 silly reify   'C:\\opt\\workspace\\SELPLAT\\apps\\ai-desktop\\node_modules\\@types\\react': 'C:\\opt\\workspace\\SELPLAT\\apps\\ai-desktop\\node_modules\\@types\\.react-rYEqgLVA',
480 silly reify   'C:\\opt\\workspace\\SELPLAT\\apps\\ai-desktop\\node_modules\\@types\\react-dom': 'C:\\opt\\workspace\\SELPLAT\\apps\\ai-desktop\\node_modules\\@types\\.react-dom-K5x6Mnh2',
480 silly reify   'C:\\opt\\workspace\\SELPLAT\\apps\\ai-desktop\\node_modules\\@types\\responselike': 'C:\\opt\\workspace\\SELPLAT\\apps\\ai-desktop\\node_modules\\@types\\.responselike-FhZ6uRqq',
480 silly reify   'C:\\opt\\workspace\\SELPLAT\\apps\\ai-desktop\\node_modules\\@types\\unist': 'C:\\opt\\workspace\\SELPLAT\\apps\\ai-desktop\\node_modules\\@types\\.unist-0VZlEdDO',
480 silly reify   'C:\\opt\\workspace\\SELPLAT\\apps\\ai-desktop\\node_modules\\@types\\yauzl': 'C:\\opt\\workspace\\SELPLAT\\apps\\ai-desktop\\node_modules\\@types\\.yauzl-h2sRPXEB',
480 silly reify   'C:\\opt\\workspace\\SELPLAT\\apps\\ai-desktop\\node_modules\\@ungap\\structured-clone': 'C:\\opt\\workspace\\SELPLAT\\apps\\ai-desktop\\node_modules\\@ungap\\.structured-clone-0xE0qQI8',
480 silly reify   'C:\\opt\\workspace\\SELPLAT\\apps\\ai-desktop\\node_modules\\@vitejs\\plugin-react': 'C:\\opt\\workspace\\SELPLAT\\apps\\ai-desktop\\node_modules\\@vitejs\\.plugin-react-fKLnOMWe',
480 silly reify   'C:\\opt\\workspace\\SELPLAT\\apps\\ai-desktop\\node_modules\\@xmldom\\xmldom': 'C:\\opt\\workspace\\SELPLAT\\apps\\ai-desktop\\node_modules\\@xmldom\\.xmldom-hrTyevRH'
480 silly reify }
481 verbose reify failed optional dependency C:\opt\workspace\SELPLAT\apps\ai-desktop\node_modules\@rollup\rollup-win32-ia32-msvc
482 silly reify mark deleted [
482 silly reify   'C:\\opt\\workspace\\SELPLAT\\apps\\ai-desktop\\node_modules\\@rollup\\rollup-win32-ia32-msvc'
482 silly reify ]
483 verbose reify failed optional dependency C:\opt\workspace\SELPLAT\apps\ai-desktop\node_modules\@rollup\rollup-win32-arm64-msvc
484 silly reify mark deleted [
484 silly reify   'C:\\opt\\workspace\\SELPLAT\\apps\\ai-desktop\\node_modules\\@rollup\\rollup-win32-arm64-msvc'
484 silly reify ]
485 verbose reify failed optional dependency C:\opt\workspace\SELPLAT\apps\ai-desktop\node_modules\@rollup\rollup-openharmony-arm64
486 silly reify mark deleted [
486 silly reify   'C:\\opt\\workspace\\SELPLAT\\apps\\ai-desktop\\node_modules\\@rollup\\rollup-openharmony-arm64'
486 silly reify ]
487 verbose reify failed optional dependency C:\opt\workspace\SELPLAT\apps\ai-desktop\node_modules\@rollup\rollup-openbsd-x64
488 silly reify mark deleted [
488 silly reify   'C:\\opt\\workspace\\SELPLAT\\apps\\ai-desktop\\node_modules\\@rollup\\rollup-openbsd-x64'
488 silly reify ]
489 verbose reify failed optional dependency C:\opt\workspace\SELPLAT\apps\ai-desktop\node_modules\@rollup\rollup-linux-x64-musl
490 silly reify mark deleted [
490 silly reify   'C:\\opt\\workspace\\SELPLAT\\apps\\ai-desktop\\node_modules\\@rollup\\rollup-linux-x64-musl'
490 silly reify ]
491 verbose reify failed optional dependency C:\opt\workspace\SELPLAT\apps\ai-desktop\node_modules\@rollup\rollup-linux-x64-gnu
492 silly reify mark deleted [
492 silly reify   'C:\\opt\\workspace\\SELPLAT\\apps\\ai-desktop\\node_modules\\@rollup\\rollup-linux-x64-gnu'
492 silly reify ]
493 verbose reify failed optional dependency C:\opt\workspace\SELPLAT\apps\ai-desktop\node_modules\@rollup\rollup-linux-s390x-gnu
494 silly reify mark deleted [
494 silly reify   'C:\\opt\\workspace\\SELPLAT\\apps\\ai-desktop\\node_modules\\@rollup\\rollup-linux-s390x-gnu'
494 silly reify ]
495 verbose reify failed optional dependency C:\opt\workspace\SELPLAT\apps\ai-desktop\node_modules\@rollup\rollup-linux-riscv64-musl
496 silly reify mark deleted [
496 silly reify   'C:\\opt\\workspace\\SELPLAT\\apps\\ai-desktop\\node_modules\\@rollup\\rollup-linux-riscv64-musl'
496 silly reify ]
497 verbose reify failed optional dependency C:\opt\workspace\SELPLAT\apps\ai-desktop\node_modules\@rollup\rollup-linux-riscv64-gnu
498 silly reify mark deleted [
498 silly reify   'C:\\opt\\workspace\\SELPLAT\\apps\\ai-desktop\\node_modules\\@rollup\\rollup-linux-riscv64-gnu'
498 silly reify ]
499 verbose reify failed optional dependency C:\opt\workspace\SELPLAT\apps\ai-desktop\node_modules\@rollup\rollup-linux-ppc64-musl
500 silly reify mark deleted [
500 silly reify   'C:\\opt\\workspace\\SELPLAT\\apps\\ai-desktop\\node_modules\\@rollup\\rollup-linux-ppc64-musl'
500 silly reify ]
501 verbose reify failed optional dependency C:\opt\workspace\SELPLAT\apps\ai-desktop\node_modules\@rollup\rollup-linux-ppc64-gnu
502 silly reify mark deleted [
502 silly reify   'C:\\opt\\workspace\\SELPLAT\\apps\\ai-desktop\\node_modules\\@rollup\\rollup-linux-ppc64-gnu'
502 silly reify ]
503 verbose reify failed optional dependency C:\opt\workspace\SELPLAT\apps\ai-desktop\node_modules\@rollup\rollup-linux-loong64-musl
504 silly reify mark deleted [
504 silly reify   'C:\\opt\\workspace\\SELPLAT\\apps\\ai-desktop\\node_modules\\@rollup\\rollup-linux-loong64-musl'
504 silly reify ]
505 verbose reify failed optional dependency C:\opt\workspace\SELPLAT\apps\ai-desktop\node_modules\@rollup\rollup-linux-loong64-gnu
506 silly reify mark deleted [
506 silly reify   'C:\\opt\\workspace\\SELPLAT\\apps\\ai-desktop\\node_modules\\@rollup\\rollup-linux-loong64-gnu'
506 silly reify ]
507 verbose reify failed optional dependency C:\opt\workspace\SELPLAT\apps\ai-desktop\node_modules\@rollup\rollup-linux-arm64-musl
508 silly reify mark deleted [
508 silly reify   'C:\\opt\\workspace\\SELPLAT\\apps\\ai-desktop\\node_modules\\@rollup\\rollup-linux-arm64-musl'
508 silly reify ]
509 verbose reify failed optional dependency C:\opt\workspace\SELPLAT\apps\ai-desktop\node_modules\@rollup\rollup-linux-arm64-gnu
510 silly reify mark deleted [
510 silly reify   'C:\\opt\\workspace\\SELPLAT\\apps\\ai-desktop\\node_modules\\@rollup\\rollup-linux-arm64-gnu'
510 silly reify ]
511 verbose reify failed optional dependency C:\opt\workspace\SELPLAT\apps\ai-desktop\node_modules\@rollup\rollup-linux-arm-musleabihf
512 silly reify mark deleted [
512 silly reify   'C:\\opt\\workspace\\SELPLAT\\apps\\ai-desktop\\node_modules\\@rollup\\rollup-linux-arm-musleabihf'
512 silly reify ]
513 verbose reify failed optional dependency C:\opt\workspace\SELPLAT\apps\ai-desktop\node_modules\@rollup\rollup-linux-arm-gnueabihf
514 silly reify mark deleted [
514 silly reify   'C:\\opt\\workspace\\SELPLAT\\apps\\ai-desktop\\node_modules\\@rollup\\rollup-linux-arm-gnueabihf'
514 silly reify ]
515 verbose reify failed optional dependency C:\opt\workspace\SELPLAT\apps\ai-desktop\node_modules\@rollup\rollup-freebsd-x64
516 silly reify mark deleted [
516 silly reify   'C:\\opt\\workspace\\SELPLAT\\apps\\ai-desktop\\node_modules\\@rollup\\rollup-freebsd-x64'
516 silly reify ]
517 verbose reify failed optional dependency C:\opt\workspace\SELPLAT\apps\ai-desktop\node_modules\@rollup\rollup-freebsd-arm64
518 silly reify mark deleted [
518 silly reify   'C:\\opt\\workspace\\SELPLAT\\apps\\ai-desktop\\node_modules\\@rollup\\rollup-freebsd-arm64'
518 silly reify ]
519 verbose reify failed optional dependency C:\opt\workspace\SELPLAT\apps\ai-desktop\node_modules\@rollup\rollup-darwin-x64
520 silly reify mark deleted [
520 silly reify   'C:\\opt\\workspace\\SELPLAT\\apps\\ai-desktop\\node_modules\\@rollup\\rollup-darwin-x64'
520 silly reify ]
521 verbose reify failed optional dependency C:\opt\workspace\SELPLAT\apps\ai-desktop\node_modules\@rollup\rollup-darwin-arm64
522 silly reify mark deleted [
522 silly reify   'C:\\opt\\workspace\\SELPLAT\\apps\\ai-desktop\\node_modules\\@rollup\\rollup-darwin-arm64'
522 silly reify ]
523 verbose reify failed optional dependency C:\opt\workspace\SELPLAT\apps\ai-desktop\node_modules\@rollup\rollup-android-arm64
524 silly reify mark deleted [
524 silly reify   'C:\\opt\\workspace\\SELPLAT\\apps\\ai-desktop\\node_modules\\@rollup\\rollup-android-arm64'
524 silly reify ]
525 verbose reify failed optional dependency C:\opt\workspace\SELPLAT\apps\ai-desktop\node_modules\@rollup\rollup-android-arm-eabi
526 silly reify mark deleted [
526 silly reify   'C:\\opt\\workspace\\SELPLAT\\apps\\ai-desktop\\node_modules\\@rollup\\rollup-android-arm-eabi'
526 silly reify ]
527 verbose reify failed optional dependency C:\opt\workspace\SELPLAT\apps\ai-desktop\node_modules\@openai\codex-win32-arm64
528 silly reify mark deleted [
528 silly reify   'C:\\opt\\workspace\\SELPLAT\\apps\\ai-desktop\\node_modules\\@openai\\codex-win32-arm64'
528 silly reify ]
529 verbose reify failed optional dependency C:\opt\workspace\SELPLAT\apps\ai-desktop\node_modules\@openai\codex-linux-x64
530 silly reify mark deleted [
530 silly reify   'C:\\opt\\workspace\\SELPLAT\\apps\\ai-desktop\\node_modules\\@openai\\codex-linux-x64'
530 silly reify ]
531 verbose reify failed optional dependency C:\opt\workspace\SELPLAT\apps\ai-desktop\node_modules\@openai\codex-linux-arm64
532 silly reify mark deleted [
532 silly reify   'C:\\opt\\workspace\\SELPLAT\\apps\\ai-desktop\\node_modules\\@openai\\codex-linux-arm64'
532 silly reify ]
533 verbose reify failed optional dependency C:\opt\workspace\SELPLAT\apps\ai-desktop\node_modules\@openai\codex-darwin-x64
534 silly reify mark deleted [
534 silly reify   'C:\\opt\\workspace\\SELPLAT\\apps\\ai-desktop\\node_modules\\@openai\\codex-darwin-x64'
534 silly reify ]
535 verbose reify failed optional dependency C:\opt\workspace\SELPLAT\apps\ai-desktop\node_modules\@openai\codex-darwin-arm64
536 silly reify mark deleted [
536 silly reify   'C:\\opt\\workspace\\SELPLAT\\apps\\ai-desktop\\node_modules\\@openai\\codex-darwin-arm64'
536 silly reify ]
537 verbose reify failed optional dependency C:\opt\workspace\SELPLAT\apps\ai-desktop\node_modules\@esbuild\win32-ia32
538 silly reify mark deleted [
538 silly reify   'C:\\opt\\workspace\\SELPLAT\\apps\\ai-desktop\\node_modules\\@esbuild\\win32-ia32'
538 silly reify ]
539 verbose reify failed optional dependency C:\opt\workspace\SELPLAT\apps\ai-desktop\node_modules\@esbuild\win32-arm64
540 silly reify mark deleted [
540 silly reify   'C:\\opt\\workspace\\SELPLAT\\apps\\ai-desktop\\node_modules\\@esbuild\\win32-arm64'
540 silly reify ]
541 verbose reify failed optional dependency C:\opt\workspace\SELPLAT\apps\ai-desktop\node_modules\@esbuild\sunos-x64
542 silly reify mark deleted [
542 silly reify   'C:\\opt\\workspace\\SELPLAT\\apps\\ai-desktop\\node_modules\\@esbuild\\sunos-x64'
542 silly reify ]
543 verbose reify failed optional dependency C:\opt\workspace\SELPLAT\apps\ai-desktop\node_modules\@esbuild\openharmony-arm64
544 silly reify mark deleted [
544 silly reify   'C:\\opt\\workspace\\SELPLAT\\apps\\ai-desktop\\node_modules\\@esbuild\\openharmony-arm64'
544 silly reify ]
545 verbose reify failed optional dependency C:\opt\workspace\SELPLAT\apps\ai-desktop\node_modules\@esbuild\openbsd-x64
546 silly reify mark deleted [
546 silly reify   'C:\\opt\\workspace\\SELPLAT\\apps\\ai-desktop\\node_modules\\@esbuild\\openbsd-x64'
546 silly reify ]
547 verbose reify failed optional dependency C:\opt\workspace\SELPLAT\apps\ai-desktop\node_modules\@esbuild\openbsd-arm64
548 silly reify mark deleted [
548 silly reify   'C:\\opt\\workspace\\SELPLAT\\apps\\ai-desktop\\node_modules\\@esbuild\\openbsd-arm64'
548 silly reify ]
549 verbose reify failed optional dependency C:\opt\workspace\SELPLAT\apps\ai-desktop\node_modules\@esbuild\netbsd-x64
550 silly reify mark deleted [
550 silly reify   'C:\\opt\\workspace\\SELPLAT\\apps\\ai-desktop\\node_modules\\@esbuild\\netbsd-x64'
550 silly reify ]
551 verbose reify failed optional dependency C:\opt\workspace\SELPLAT\apps\ai-desktop\node_modules\@esbuild\netbsd-arm64
552 silly reify mark deleted [
552 silly reify   'C:\\opt\\workspace\\SELPLAT\\apps\\ai-desktop\\node_modules\\@esbuild\\netbsd-arm64'
552 silly reify ]
553 verbose reify failed optional dependency C:\opt\workspace\SELPLAT\apps\ai-desktop\node_modules\@esbuild\linux-x64
554 silly reify mark deleted [
554 silly reify   'C:\\opt\\workspace\\SELPLAT\\apps\\ai-desktop\\node_modules\\@esbuild\\linux-x64'
554 silly reify ]
555 verbose reify failed optional dependency C:\opt\workspace\SELPLAT\apps\ai-desktop\node_modules\@esbuild\linux-s390x
556 silly reify mark deleted [
556 silly reify   'C:\\opt\\workspace\\SELPLAT\\apps\\ai-desktop\\node_modules\\@esbuild\\linux-s390x'
556 silly reify ]
557 verbose reify failed optional dependency C:\opt\workspace\SELPLAT\apps\ai-desktop\node_modules\@esbuild\linux-riscv64
558 silly reify mark deleted [
558 silly reify   'C:\\opt\\workspace\\SELPLAT\\apps\\ai-desktop\\node_modules\\@esbuild\\linux-riscv64'
558 silly reify ]
559 verbose reify failed optional dependency C:\opt\workspace\SELPLAT\apps\ai-desktop\node_modules\@esbuild\linux-ppc64
560 silly reify mark deleted [
560 silly reify   'C:\\opt\\workspace\\SELPLAT\\apps\\ai-desktop\\node_modules\\@esbuild\\linux-ppc64'
560 silly reify ]
561 verbose reify failed optional dependency C:\opt\workspace\SELPLAT\apps\ai-desktop\node_modules\@esbuild\linux-mips64el
562 silly reify mark deleted [
562 silly reify   'C:\\opt\\workspace\\SELPLAT\\apps\\ai-desktop\\node_modules\\@esbuild\\linux-mips64el'
562 silly reify ]
563 verbose reify failed optional dependency C:\opt\workspace\SELPLAT\apps\ai-desktop\node_modules\@esbuild\linux-loong64
564 silly reify mark deleted [
564 silly reify   'C:\\opt\\workspace\\SELPLAT\\apps\\ai-desktop\\node_modules\\@esbuild\\linux-loong64'
564 silly reify ]
565 verbose reify failed optional dependency C:\opt\workspace\SELPLAT\apps\ai-desktop\node_modules\@esbuild\linux-ia32
566 silly reify mark deleted [
566 silly reify   'C:\\opt\\workspace\\SELPLAT\\apps\\ai-desktop\\node_modules\\@esbuild\\linux-ia32'
566 silly reify ]
567 verbose reify failed optional dependency C:\opt\workspace\SELPLAT\apps\ai-desktop\node_modules\@esbuild\linux-arm64
568 silly reify mark deleted [
568 silly reify   'C:\\opt\\workspace\\SELPLAT\\apps\\ai-desktop\\node_modules\\@esbuild\\linux-arm64'
568 silly reify ]
569 verbose reify failed optional dependency C:\opt\workspace\SELPLAT\apps\ai-desktop\node_modules\@esbuild\linux-arm
570 silly reify mark deleted [
570 silly reify   'C:\\opt\\workspace\\SELPLAT\\apps\\ai-desktop\\node_modules\\@esbuild\\linux-arm'
570 silly reify ]
571 verbose reify failed optional dependency C:\opt\workspace\SELPLAT\apps\ai-desktop\node_modules\@esbuild\freebsd-x64
572 silly reify mark deleted [
572 silly reify   'C:\\opt\\workspace\\SELPLAT\\apps\\ai-desktop\\node_modules\\@esbuild\\freebsd-x64'
572 silly reify ]
573 verbose reify failed optional dependency C:\opt\workspace\SELPLAT\apps\ai-desktop\node_modules\@esbuild\freebsd-arm64
574 silly reify mark deleted [
574 silly reify   'C:\\opt\\workspace\\SELPLAT\\apps\\ai-desktop\\node_modules\\@esbuild\\freebsd-arm64'
574 silly reify ]
575 verbose reify failed optional dependency C:\opt\workspace\SELPLAT\apps\ai-desktop\node_modules\@esbuild\darwin-x64
576 silly reify mark deleted [
576 silly reify   'C:\\opt\\workspace\\SELPLAT\\apps\\ai-desktop\\node_modules\\@esbuild\\darwin-x64'
576 silly reify ]
577 verbose reify failed optional dependency C:\opt\workspace\SELPLAT\apps\ai-desktop\node_modules\@esbuild\darwin-arm64
578 silly reify mark deleted [
578 silly reify   'C:\\opt\\workspace\\SELPLAT\\apps\\ai-desktop\\node_modules\\@esbuild\\darwin-arm64'
578 silly reify ]
579 verbose reify failed optional dependency C:\opt\workspace\SELPLAT\apps\ai-desktop\node_modules\@esbuild\android-x64
580 silly reify mark deleted [
580 silly reify   'C:\\opt\\workspace\\SELPLAT\\apps\\ai-desktop\\node_modules\\@esbuild\\android-x64'
580 silly reify ]
581 verbose reify failed optional dependency C:\opt\workspace\SELPLAT\apps\ai-desktop\node_modules\@esbuild\android-arm64
582 silly reify mark deleted [
582 silly reify   'C:\\opt\\workspace\\SELPLAT\\apps\\ai-desktop\\node_modules\\@esbuild\\android-arm64'
582 silly reify ]
583 verbose reify failed optional dependency C:\opt\workspace\SELPLAT\apps\ai-desktop\node_modules\@esbuild\android-arm
584 silly reify mark deleted [
584 silly reify   'C:\\opt\\workspace\\SELPLAT\\apps\\ai-desktop\\node_modules\\@esbuild\\android-arm'
584 silly reify ]
585 verbose reify failed optional dependency C:\opt\workspace\SELPLAT\apps\ai-desktop\node_modules\@esbuild\aix-ppc64
586 silly reify mark deleted [
586 silly reify   'C:\\opt\\workspace\\SELPLAT\\apps\\ai-desktop\\node_modules\\@esbuild\\aix-ppc64'
586 silly reify ]
587 verbose reify failed optional dependency C:\opt\workspace\SELPLAT\apps\ai-desktop\node_modules\playwright\node_modules\fsevents
588 silly reify mark deleted [
588 silly reify   'C:\\opt\\workspace\\SELPLAT\\apps\\ai-desktop\\node_modules\\playwright\\node_modules\\fsevents'
588 silly reify ]
589 verbose reify failed optional dependency C:\opt\workspace\SELPLAT\apps\ai-desktop\node_modules\fsevents
590 silly reify mark deleted [
590 silly reify   'C:\\opt\\workspace\\SELPLAT\\apps\\ai-desktop\\node_modules\\fsevents'
590 silly reify ]
591 http cache @xmldom/xmldom@https://registry.npmjs.org/@xmldom/xmldom/-/xmldom-0.8.14.tgz 1ms (cache hit)
592 http cache @vitejs/plugin-react@https://registry.npmjs.org/@vitejs/plugin-react/-/plugin-react-5.0.4.tgz 0ms (cache hit)
593 http cache @types/yauzl@https://registry.npmjs.org/@types/yauzl/-/yauzl-2.10.3.tgz 0ms (cache hit)
594 http cache @types/unist@https://registry.npmjs.org/@types/unist/-/unist-3.0.3.tgz 0ms (cache hit)
595 http cache @types/responselike@https://registry.npmjs.org/@types/responselike/-/responselike-1.0.3.tgz 0ms (cache hit)
596 http cache @types/react-dom@https://registry.npmjs.org/@types/react-dom/-/react-dom-19.2.4.tgz 0ms (cache hit)
597 http cache @ungap/structured-clone@https://registry.npmjs.org/@ungap/structured-clone/-/structured-clone-1.3.3.tgz 0ms (cache hit)
598 http cache @types/react@https://registry.npmjs.org/@types/react/-/react-19.2.18.tgz 1ms (cache hit)
599 http cache @types/node@https://registry.npmjs.org/@types/node/-/node-24.13.3.tgz 0ms (cache hit)
600 http cache @types/mdast@https://registry.npmjs.org/@types/mdast/-/mdast-4.0.4.tgz 0ms (cache hit)
601 http cache @types/ms@https://registry.npmjs.org/@types/ms/-/ms-2.1.0.tgz 0ms (cache hit)
602 http cache @types/keyv@https://registry.npmjs.org/@types/keyv/-/keyv-3.1.4.tgz 0ms (cache hit)
603 http cache @types/hast@https://registry.npmjs.org/@types/hast/-/hast-3.0.5.tgz 0ms (cache hit)
604 http cache @types/http-cache-semantics@https://registry.npmjs.org/@types/http-cache-semantics/-/http-cache-semantics-4.2.0.tgz 0ms (cache hit)
605 http cache @types/fs-extra@https://registry.npmjs.org/@types/fs-extra/-/fs-extra-9.0.13.tgz 0ms (cache hit)
606 http cache @types/debug@https://registry.npmjs.org/@types/debug/-/debug-4.1.13.tgz 0ms (cache hit)
607 http cache @types/estree-jsx@https://registry.npmjs.org/@types/estree-jsx/-/estree-jsx-1.0.5.tgz 0ms (cache hit)
608 http cache @types/estree@https://registry.npmjs.org/@types/estree/-/estree-1.0.9.tgz 0ms (cache hit)
609 http cache @types/cacheable-request@https://registry.npmjs.org/@types/cacheable-request/-/cacheable-request-6.0.3.tgz 0ms (cache hit)
610 http cache @types/babel__traverse@https://registry.npmjs.org/@types/babel__traverse/-/babel__traverse-7.28.0.tgz 0ms (cache hit)
611 http cache @types/babel__generator@https://registry.npmjs.org/@types/babel__generator/-/babel__generator-7.27.0.tgz 0ms (cache hit)
612 http cache @types/babel__template@https://registry.npmjs.org/@types/babel__template/-/babel__template-7.4.4.tgz 0ms (cache hit)
613 http cache @types/babel__core@https://registry.npmjs.org/@types/babel__core/-/babel__core-7.20.5.tgz 0ms (cache hit)
614 http cache @rollup/rollup-win32-x64-msvc@https://registry.npmjs.org/@rollup/rollup-win32-x64-msvc/-/rollup-win32-x64-msvc-4.62.2.tgz 0ms (cache hit)
615 http cache @rolldown/pluginutils@https://registry.npmjs.org/@rolldown/pluginutils/-/pluginutils-1.0.0-beta.38.tgz 0ms (cache hit)
616 http cache @rollup/rollup-win32-x64-gnu@https://registry.npmjs.org/@rollup/rollup-win32-x64-gnu/-/rollup-win32-x64-gnu-4.62.2.tgz 0ms (cache hit)
617 http cache @playwright/test@https://registry.npmjs.org/@playwright/test/-/test-1.62.1.tgz 0ms (cache hit)
618 http cache @peculiar/utils@https://registry.npmjs.org/@peculiar/utils/-/utils-2.0.3.tgz 0ms (cache hit)
619 http cache @peculiar/json-schema@https://registry.npmjs.org/@peculiar/json-schema/-/json-schema-1.1.12.tgz 0ms (cache hit)
620 http cache @szmarczak/http-timer@https://registry.npmjs.org/@szmarczak/http-timer/-/http-timer-4.0.6.tgz 0ms (cache hit)
621 http cache @sindresorhus/is@https://registry.npmjs.org/@sindresorhus/is/-/is-4.6.0.tgz 0ms (cache hit)
622 http cache @peculiar/webcrypto@https://registry.npmjs.org/@peculiar/webcrypto/-/webcrypto-1.7.1.tgz 0ms (cache hit)
623 http cache @peculiar/asn1-schema@https://registry.npmjs.org/@peculiar/asn1-schema/-/asn1-schema-2.9.4.tgz 0ms (cache hit)
624 http cache @openai/codex@https://registry.npmjs.org/@openai/codex/-/codex-0.149.0.tgz 0ms (cache hit)
625 http cache @noble/hashes@https://registry.npmjs.org/@noble/hashes/-/hashes-2.3.0.tgz 0ms (cache hit)
626 http cache @malept/flatpak-bundler@https://registry.npmjs.org/@malept/flatpak-bundler/-/flatpak-bundler-0.4.0.tgz 0ms (cache hit)
627 http cache @openai/codex-win32-x64@https://registry.npmjs.org/@openai/codex/-/codex-0.149.0-win32-x64.tgz 0ms (cache hit)
628 http cache @malept/cross-spawn-promise@https://registry.npmjs.org/@malept/cross-spawn-promise/-/cross-spawn-promise-2.0.0.tgz 0ms (cache hit)
629 http cache @jridgewell/trace-mapping@https://registry.npmjs.org/@jridgewell/trace-mapping/-/trace-mapping-0.3.31.tgz 0ms (cache hit)
630 http cache universalify@https://registry.npmjs.org/universalify/-/universalify-2.0.1.tgz 0ms (cache hit)
631 http cache fs-extra@https://registry.npmjs.org/fs-extra/-/fs-extra-9.1.0.tgz 0ms (cache hit)
632 http cache jsonfile@https://registry.npmjs.org/jsonfile/-/jsonfile-6.2.1.tgz 0ms (cache hit)
633 http cache @jridgewell/sourcemap-codec@https://registry.npmjs.org/@jridgewell/sourcemap-codec/-/sourcemap-codec-1.5.5.tgz 0ms (cache hit)
634 http cache @jridgewell/gen-mapping@https://registry.npmjs.org/@jridgewell/gen-mapping/-/gen-mapping-0.3.13.tgz 0ms (cache hit)
635 http cache @jridgewell/resolve-uri@https://registry.npmjs.org/@jridgewell/resolve-uri/-/resolve-uri-3.1.2.tgz 0ms (cache hit)
636 http cache @isaacs/fs-minipass@https://registry.npmjs.org/@isaacs/fs-minipass/-/fs-minipass-4.0.1.tgz 0ms (cache hit)
637 http cache @jridgewell/remapping@https://registry.npmjs.org/@jridgewell/remapping/-/remapping-2.3.5.tgz 0ms (cache hit)
638 http cache @fluentui/react-icons@https://registry.npmjs.org/@fluentui/react-icons/-/react-icons-2.0.337.tgz 0ms (cache hit)
639 http cache @griffel/style-types@https://registry.npmjs.org/@griffel/style-types/-/style-types-1.4.2.tgz 0ms (cache hit)
640 http cache @griffel/core@https://registry.npmjs.org/@griffel/core/-/core-1.21.3.tgz 0ms (cache hit)
641 http cache @griffel/react@https://registry.npmjs.org/@griffel/react/-/react-1.7.7.tgz 0ms (cache hit)
642 http cache @epic-web/invariant@https://registry.npmjs.org/@epic-web/invariant/-/invariant-1.0.0.tgz 0ms (cache hit)
643 http cache @electron/windows-sign@https://registry.npmjs.org/@electron/windows-sign/-/windows-sign-1.2.2.tgz 0ms (cache hit)
644 http cache @esbuild/win32-x64@https://registry.npmjs.org/@esbuild/win32-x64/-/win32-x64-0.25.12.tgz 0ms (cache hit)
645 http cache @emotion/hash@https://registry.npmjs.org/@emotion/hash/-/hash-0.9.2.tgz 0ms (cache hit)
646 http cache jsonfile@https://registry.npmjs.org/jsonfile/-/jsonfile-6.2.1.tgz 0ms (cache hit)
647 http cache universalify@https://registry.npmjs.org/universalify/-/universalify-2.0.1.tgz 0ms (cache hit)
648 http cache @electron/universal@https://registry.npmjs.org/@electron/universal/-/universal-2.0.3.tgz 0ms (cache hit)
649 http cache minimatch@https://registry.npmjs.org/minimatch/-/minimatch-9.0.9.tgz 0ms (cache hit)
650 http cache fs-extra@https://registry.npmjs.org/fs-extra/-/fs-extra-11.4.0.tgz 0ms (cache hit)
651 http cache jsonfile@https://registry.npmjs.org/jsonfile/-/jsonfile-6.2.1.tgz 0ms (cache hit)
652 http cache fs-extra@https://registry.npmjs.org/fs-extra/-/fs-extra-11.4.0.tgz 0ms (cache hit)
653 http cache universalify@https://registry.npmjs.org/universalify/-/universalify-2.0.1.tgz 0ms (cache hit)
654 http cache @electron/osx-sign@https://registry.npmjs.org/@electron/osx-sign/-/osx-sign-1.3.3.tgz 0ms (cache hit)
655 http cache balanced-match@https://registry.npmjs.org/balanced-match/-/balanced-match-1.0.2.tgz 0ms (cache hit)
656 http cache brace-expansion@https://registry.npmjs.org/brace-expansion/-/brace-expansion-2.1.4.tgz 0ms (cache hit)
657 http cache universalify@https://registry.npmjs.org/universalify/-/universalify-2.0.1.tgz 0ms (cache hit)
658 http cache @electron/rebuild@https://registry.npmjs.org/@electron/rebuild/-/rebuild-4.2.0.tgz 0ms (cache hit)
659 http cache universalify@https://registry.npmjs.org/universalify/-/universalify-2.0.1.tgz 0ms (cache hit)
660 http cache jsonfile@https://registry.npmjs.org/jsonfile/-/jsonfile-6.2.1.tgz 0ms (cache hit)
661 http cache @electron/notarize@https://registry.npmjs.org/@electron/notarize/-/notarize-2.5.0.tgz 0ms (cache hit)
662 http cache fs-extra@https://registry.npmjs.org/fs-extra/-/fs-extra-10.1.0.tgz 0ms (cache hit)
663 http cache jsonfile@https://registry.npmjs.org/jsonfile/-/jsonfile-6.2.1.tgz 0ms (cache hit)
664 http cache @electron/fuses@https://registry.npmjs.org/@electron/fuses/-/fuses-1.8.0.tgz 0ms (cache hit)
665 http cache isbinaryfile@https://registry.npmjs.org/isbinaryfile/-/isbinaryfile-4.0.10.tgz 0ms (cache hit)
666 http cache fs-extra@https://registry.npmjs.org/fs-extra/-/fs-extra-9.1.0.tgz 0ms (cache hit)
667 http cache @electron/asar@https://registry.npmjs.org/@electron/asar/-/asar-3.4.1.tgz 0ms (cache hit)
668 http cache @electron/get@https://registry.npmjs.org/@electron/get/-/get-2.0.3.tgz 0ms (cache hit)
669 http cache minimatch@https://registry.npmjs.org/minimatch/-/minimatch-3.1.5.tgz 0ms (cache hit)
670 http cache jsonfile@https://registry.npmjs.org/jsonfile/-/jsonfile-6.2.1.tgz 0ms (cache hit)
671 http cache universalify@https://registry.npmjs.org/universalify/-/universalify-2.0.1.tgz 0ms (cache hit)
672 http cache brace-expansion@https://registry.npmjs.org/brace-expansion/-/brace-expansion-1.1.18.tgz 0ms (cache hit)
673 http cache fs-extra@https://registry.npmjs.org/fs-extra/-/fs-extra-9.1.0.tgz 0ms (cache hit)
674 http cache @babel/traverse@https://registry.npmjs.org/@babel/traverse/-/traverse-7.29.7.tgz 0ms (cache hit)
675 http cache @babel/template@https://registry.npmjs.org/@babel/template/-/template-7.29.7.tgz 0ms (cache hit)
676 http cache balanced-match@https://registry.npmjs.org/balanced-match/-/balanced-match-1.0.2.tgz 0ms (cache hit)
677 http cache @babel/runtime@https://registry.npmjs.org/@babel/runtime/-/runtime-7.29.7.tgz 0ms (cache hit)
678 http cache @babel/types@https://registry.npmjs.org/@babel/types/-/types-7.29.7.tgz 0ms (cache hit)
679 http cache @babel/parser@https://registry.npmjs.org/@babel/parser/-/parser-7.29.7.tgz 0ms (cache hit)
680 http cache @babel/plugin-transform-react-jsx-source@https://registry.npmjs.org/@babel/plugin-transform-react-jsx-source/-/plugin-transform-react-jsx-source-7.29.7.tgz 0ms (cache hit)
681 http cache @babel/plugin-transform-react-jsx-self@https://registry.npmjs.org/@babel/plugin-transform-react-jsx-self/-/plugin-transform-react-jsx-self-7.29.7.tgz 0ms (cache hit)
682 http cache @babel/helper-validator-option@https://registry.npmjs.org/@babel/helper-validator-option/-/helper-validator-option-7.29.7.tgz 0ms (cache hit)
683 http cache @babel/helper-validator-identifier@https://registry.npmjs.org/@babel/helper-validator-identifier/-/helper-validator-identifier-7.29.7.tgz 0ms (cache hit)
684 http cache @babel/helpers@https://registry.npmjs.org/@babel/helpers/-/helpers-7.29.7.tgz 0ms (cache hit)
685 http cache @babel/helper-plugin-utils@https://registry.npmjs.org/@babel/helper-plugin-utils/-/helper-plugin-utils-7.29.7.tgz 0ms (cache hit)
686 http cache @babel/helper-module-imports@https://registry.npmjs.org/@babel/helper-module-imports/-/helper-module-imports-7.29.7.tgz 0ms (cache hit)
687 http cache @babel/helper-string-parser@https://registry.npmjs.org/@babel/helper-string-parser/-/helper-string-parser-7.29.7.tgz 0ms (cache hit)
688 http cache @babel/helper-module-transforms@https://registry.npmjs.org/@babel/helper-module-transforms/-/helper-module-transforms-7.29.7.tgz 0ms (cache hit)
689 http cache @babel/helper-compilation-targets@https://registry.npmjs.org/@babel/helper-compilation-targets/-/helper-compilation-targets-7.29.7.tgz 0ms (cache hit)
690 http cache @babel/helper-globals@https://registry.npmjs.org/@babel/helper-globals/-/helper-globals-7.29.7.tgz 0ms (cache hit)
691 http cache zwitch@https://registry.npmjs.org/zwitch/-/zwitch-2.0.4.tgz 0ms (cache hit)
692 http cache @babel/generator@https://registry.npmjs.org/@babel/generator/-/generator-7.29.7.tgz 0ms (cache hit)
693 http cache @babel/compat-data@https://registry.npmjs.org/@babel/compat-data/-/compat-data-7.29.7.tgz 0ms (cache hit)
694 http cache yauzl@https://registry.npmjs.org/yauzl/-/yauzl-2.10.0.tgz 0ms (cache hit)
695 http cache yocto-queue@https://registry.npmjs.org/yocto-queue/-/yocto-queue-0.1.0.tgz 0ms (cache hit)
696 http cache @babel/code-frame@https://registry.npmjs.org/@babel/code-frame/-/code-frame-7.29.7.tgz 0ms (cache hit)
697 http cache @babel/core@https://registry.npmjs.org/@babel/core/-/core-7.29.7.tgz 0ms (cache hit)
698 http cache yargs-parser@https://registry.npmjs.org/yargs-parser/-/yargs-parser-21.1.1.tgz 0ms (cache hit)
699 http cache yargs@https://registry.npmjs.org/yargs/-/yargs-17.7.2.tgz 0ms (cache hit)
700 http cache wrappy@https://registry.npmjs.org/wrappy/-/wrappy-1.0.2.tgz 0ms (cache hit)
701 http cache y18n@https://registry.npmjs.org/y18n/-/y18n-5.0.8.tgz 0ms (cache hit)
702 http cache yallist@https://registry.npmjs.org/yallist/-/yallist-3.1.1.tgz 0ms (cache hit)
703 http cache wrap-ansi@https://registry.npmjs.org/wrap-ansi/-/wrap-ansi-7.0.0.tgz 0ms (cache hit)
704 http cache which@https://registry.npmjs.org/which/-/which-2.0.2.tgz 0ms (cache hit)
705 http cache xmlbuilder@https://registry.npmjs.org/xmlbuilder/-/xmlbuilder-15.1.1.tgz 0ms (cache hit)
706 http cache vite@https://registry.npmjs.org/vite/-/vite-6.4.2.tgz 0ms (cache hit)
707 http cache webcrypto-core@https://registry.npmjs.org/webcrypto-core/-/webcrypto-core-1.9.2.tgz 0ms (cache hit)
708 http cache util-deprecate@https://registry.npmjs.org/util-deprecate/-/util-deprecate-1.0.2.tgz 0ms (cache hit)
709 http cache vfile-message@https://registry.npmjs.org/vfile-message/-/vfile-message-4.0.3.tgz 0ms (cache hit)
710 http cache utf8-byte-length@https://registry.npmjs.org/utf8-byte-length/-/utf8-byte-length-1.0.5.tgz 0ms (cache hit)
711 http cache update-browserslist-db@https://registry.npmjs.org/update-browserslist-db/-/update-browserslist-db-1.2.3.tgz 0ms (cache hit)
712 http cache vfile@https://registry.npmjs.org/vfile/-/vfile-6.0.3.tgz 0ms (cache hit)
713 http cache universalify@https://registry.npmjs.org/universalify/-/universalify-2.0.1.tgz 0ms (cache hit)
714 http cache jsonfile@https://registry.npmjs.org/jsonfile/-/jsonfile-6.2.1.tgz 0ms (cache hit)
715 http cache unzipper@https://registry.npmjs.org/unzipper/-/unzipper-0.12.5.tgz 0ms (cache hit)
716 http cache fs-extra@https://registry.npmjs.org/fs-extra/-/fs-extra-11.3.1.tgz 0ms (cache hit)
717 http cache unist-util-visit-parents@https://registry.npmjs.org/unist-util-visit-parents/-/unist-util-visit-parents-6.0.2.tgz 0ms (cache hit)
718 http cache universalify@https://registry.npmjs.org/universalify/-/universalify-0.1.2.tgz 0ms (cache hit)
719 http cache unist-util-position@https://registry.npmjs.org/unist-util-position/-/unist-util-position-5.0.0.tgz 0ms (cache hit)
720 http cache unist-util-visit@https://registry.npmjs.org/unist-util-visit/-/unist-util-visit-5.1.0.tgz 0ms (cache hit)
721 http cache unified@https://registry.npmjs.org/unified/-/unified-11.0.5.tgz 0ms (cache hit)
722 http cache unist-util-is@https://registry.npmjs.org/unist-util-is/-/unist-util-is-6.0.1.tgz 0ms (cache hit)
723 http cache unist-util-stringify-position@https://registry.npmjs.org/unist-util-stringify-position/-/unist-util-stringify-position-4.0.0.tgz 0ms (cache hit)
724 http cache typescript@https://registry.npmjs.org/typescript/-/typescript-6.0.3.tgz 0ms (cache hit)
725 http cache undici-types@https://registry.npmjs.org/undici-types/-/undici-types-7.18.2.tgz 0ms (cache hit)
726 http cache undici@https://registry.npmjs.org/undici/-/undici-6.28.0.tgz 0ms (cache hit)
727 http cache tslib@https://registry.npmjs.org/tslib/-/tslib-2.8.1.tgz 0ms (cache hit)
728 http cache type-fest@https://registry.npmjs.org/type-fest/-/type-fest-0.13.1.tgz 0ms (cache hit)
729 http cache trim-lines@https://registry.npmjs.org/trim-lines/-/trim-lines-3.0.1.tgz 0ms (cache hit)
730 http cache truncate-utf8-bytes@https://registry.npmjs.org/truncate-utf8-bytes/-/truncate-utf8-bytes-1.0.2.tgz 0ms (cache hit)
731 http cache trough@https://registry.npmjs.org/trough/-/trough-2.2.0.tgz 0ms (cache hit)
732 http cache tmp@https://registry.npmjs.org/tmp/-/tmp-0.2.7.tgz 0ms (cache hit)
733 http cache tmp-promise@https://registry.npmjs.org/tmp-promise/-/tmp-promise-3.0.3.tgz 0ms (cache hit)
734 http cache universalify@https://registry.npmjs.org/universalify/-/universalify-2.0.1.tgz 0ms (cache hit)
735 http cache semver@https://registry.npmjs.org/semver/-/semver-5.7.2.tgz 0ms (cache hit)
736 http cache tinyglobby@https://registry.npmjs.org/tinyglobby/-/tinyglobby-0.2.17.tgz 0ms (cache hit)
737 http cache temp-file@https://registry.npmjs.org/temp-file/-/temp-file-3.4.0.tgz 0ms (cache hit)
738 http cache tiny-async-pool@https://registry.npmjs.org/tiny-async-pool/-/tiny-async-pool-1.3.0.tgz 0ms (cache hit)
739 http cache jsonfile@https://registry.npmjs.org/jsonfile/-/jsonfile-6.2.1.tgz 0ms (cache hit)
740 http cache fs-extra@https://registry.npmjs.org/fs-extra/-/fs-extra-10.1.0.tgz 0ms (cache hit)
741 http cache tar@https://registry.npmjs.org/tar/-/tar-7.5.22.tgz 0ms (cache hit)
742 http cache yallist@https://registry.npmjs.org/yallist/-/yallist-5.0.0.tgz 0ms (cache hit)
743 http cache stylis@https://registry.npmjs.org/stylis/-/stylis-4.4.0.tgz 0ms (cache hit)
744 http cache temp@https://registry.npmjs.org/temp/-/temp-0.9.4.tgz 0ms (cache hit)
745 http cache sumchecker@https://registry.npmjs.org/sumchecker/-/sumchecker-3.0.1.tgz 0ms (cache hit)
746 http cache style-to-js@https://registry.npmjs.org/style-to-js/-/style-to-js-1.1.21.tgz 0ms (cache hit)
747 http cache style-to-object@https://registry.npmjs.org/style-to-object/-/style-to-object-1.0.14.tgz 0ms (cache hit)
748 http cache stringify-entities@https://registry.npmjs.org/stringify-entities/-/stringify-entities-4.0.4.tgz 0ms (cache hit)
749 http cache strip-ansi@https://registry.npmjs.org/strip-ansi/-/strip-ansi-6.0.1.tgz 0ms (cache hit)
750 http cache string_decoder@https://registry.npmjs.org/string_decoder/-/string_decoder-1.1.1.tgz 0ms (cache hit)
751 http cache string-width@https://registry.npmjs.org/string-width/-/string-width-4.2.3.tgz 0ms (cache hit)
752 http cache sprintf-js@https://registry.npmjs.org/sprintf-js/-/sprintf-js-1.1.3.tgz 0ms (cache hit)
753 http cache stat-mode@https://registry.npmjs.org/stat-mode/-/stat-mode-1.0.0.tgz 0ms (cache hit)
754 http cache source-map-support@https://registry.npmjs.org/source-map-support/-/source-map-support-0.5.21.tgz 0ms (cache hit)
755 http cache semver@https://registry.npmjs.org/semver/-/semver-7.8.5.tgz 0ms (cache hit)
756 http cache source-map-js@https://registry.npmjs.org/source-map-js/-/source-map-js-1.2.1.tgz 0ms (cache hit)
757 http cache source-map@https://registry.npmjs.org/source-map/-/source-map-0.6.1.tgz 0ms (cache hit)
758 http cache simple-update-notifier@https://registry.npmjs.org/simple-update-notifier/-/simple-update-notifier-2.0.0.tgz 0ms (cache hit)
759 http cache space-separated-tokens@https://registry.npmjs.org/space-separated-tokens/-/space-separated-tokens-2.0.2.tgz 0ms (cache hit)
760 http cache signal-exit@https://registry.npmjs.org/signal-exit/-/signal-exit-3.0.7.tgz 0ms (cache hit)
761 http cache shebang-regex@https://registry.npmjs.org/shebang-regex/-/shebang-regex-3.0.0.tgz 0ms (cache hit)
762 http cache shebang-command@https://registry.npmjs.org/shebang-command/-/shebang-command-2.0.0.tgz 0ms (cache hit)
763 http cache semver-compare@https://registry.npmjs.org/semver-compare/-/semver-compare-1.0.0.tgz 0ms (cache hit)
764 http cache serialize-error@https://registry.npmjs.org/serialize-error/-/serialize-error-7.0.1.tgz 0ms (cache hit)
765 http cache scheduler@https://registry.npmjs.org/scheduler/-/scheduler-0.27.0.tgz 0ms (cache hit)
766 http cache sax@https://registry.npmjs.org/sax/-/sax-1.6.1.tgz 0ms (cache hit)
767 http cache semver@https://registry.npmjs.org/semver/-/semver-6.3.1.tgz 0ms (cache hit)
768 http cache rtl-css-js@https://registry.npmjs.org/rtl-css-js/-/rtl-css-js-1.16.1.tgz 0ms (cache hit)
769 http cache safe-buffer@https://registry.npmjs.org/safe-buffer/-/safe-buffer-5.1.2.tgz 0ms (cache hit)
770 http cache sanitize-filename@https://registry.npmjs.org/sanitize-filename/-/sanitize-filename-1.6.4.tgz 0ms (cache hit)
771 http cache roarr@https://registry.npmjs.org/roarr/-/roarr-2.15.4.tgz 0ms (cache hit)
772 http cache rollup@https://registry.npmjs.org/rollup/-/rollup-4.62.2.tgz 0ms (cache hit)
773 http cache responselike@https://registry.npmjs.org/responselike/-/responselike-2.0.1.tgz 0ms (cache hit)
774 http cache rimraf@https://registry.npmjs.org/rimraf/-/rimraf-2.6.3.tgz 0ms (cache hit)
775 http cache resedit@https://registry.npmjs.org/resedit/-/resedit-1.7.2.tgz 0ms (cache hit)
776 http cache resolve-alpn@https://registry.npmjs.org/resolve-alpn/-/resolve-alpn-1.2.1.tgz 0ms (cache hit)
777 http cache retry@https://registry.npmjs.org/retry/-/retry-0.12.0.tgz 0ms (cache hit)
778 http cache require-from-string@https://registry.npmjs.org/require-from-string/-/require-from-string-2.0.2.tgz 0ms (cache hit)
779 http cache require-directory@https://registry.npmjs.org/require-directory/-/require-directory-2.1.1.tgz 0ms (cache hit)
780 http cache remark-gfm@https://registry.npmjs.org/remark-gfm/-/remark-gfm-4.0.1.tgz 0ms (cache hit)
781 http cache remark-rehype@https://registry.npmjs.org/remark-rehype/-/remark-rehype-11.1.2.tgz 0ms (cache hit)
782 http cache remark-stringify@https://registry.npmjs.org/remark-stringify/-/remark-stringify-11.0.0.tgz 0ms (cache hit)
783 http cache remark-parse@https://registry.npmjs.org/remark-parse/-/remark-parse-11.0.0.tgz 0ms (cache hit)
784 http cache readable-stream@https://registry.npmjs.org/readable-stream/-/readable-stream-2.3.8.tgz 0ms (cache hit)
785 http cache read-binary-file-arch@https://registry.npmjs.org/read-binary-file-arch/-/read-binary-file-arch-1.0.6.tgz 0ms (cache hit)
786 http cache react-dom@https://registry.npmjs.org/react-dom/-/react-dom-19.2.0.tgz 0ms (cache hit)
787 http cache react-refresh@https://registry.npmjs.org/react-refresh/-/react-refresh-0.17.0.tgz 0ms (cache hit)
788 http cache react-markdown@https://registry.npmjs.org/react-markdown/-/react-markdown-10.1.0.tgz 0ms (cache hit)
789 http cache quick-lru@https://registry.npmjs.org/quick-lru/-/quick-lru-5.1.1.tgz 0ms (cache hit)
790 http cache react@https://registry.npmjs.org/react/-/react-19.2.0.tgz 0ms (cache hit)
791 http cache pump@https://registry.npmjs.org/pump/-/pump-3.0.4.tgz 0ms (cache hit)
792 http cache pvtsutils@https://registry.npmjs.org/pvtsutils/-/pvtsutils-1.3.6.tgz 0ms (cache hit)
793 http cache promise-retry@https://registry.npmjs.org/promise-retry/-/promise-retry-2.0.1.tgz 0ms (cache hit)
794 http cache property-information@https://registry.npmjs.org/property-information/-/property-information-7.2.0.tgz 0ms (cache hit)
795 http cache pvutils@https://registry.npmjs.org/pvutils/-/pvutils-1.2.0.tgz 0ms (cache hit)
796 http cache progress@https://registry.npmjs.org/progress/-/progress-2.0.3.tgz 0ms (cache hit)
797 http cache proper-lockfile@https://registry.npmjs.org/proper-lockfile/-/proper-lockfile-4.1.2.tgz 0ms (cache hit)
798 http cache process-nextick-args@https://registry.npmjs.org/process-nextick-args/-/process-nextick-args-2.0.1.tgz 0ms (cache hit)
799 http cache proc-log@https://registry.npmjs.org/proc-log/-/proc-log-6.1.0.tgz 0ms (cache hit)
800 http cache plist@https://registry.npmjs.org/plist/-/plist-3.1.0.tgz 0ms (cache hit)
801 http cache commander@https://registry.npmjs.org/commander/-/commander-9.5.0.tgz 0ms (cache hit)
802 http cache postcss@https://registry.npmjs.org/postcss/-/postcss-8.5.16.tgz 0ms (cache hit)
803 http cache postject@https://registry.npmjs.org/postject/-/postject-1.0.0-alpha.6.tgz 0ms (cache hit)
804 http cache @noble/hashes@https://registry.npmjs.org/@noble/hashes/-/hashes-1.4.0.tgz 0ms (cache hit)
805 http cache pkijs@https://registry.npmjs.org/pkijs/-/pkijs-3.4.0.tgz 0ms (cache hit)
806 http cache picomatch@https://registry.npmjs.org/picomatch/-/picomatch-4.0.5.tgz 0ms (cache hit)
807 http cache playwright-core@https://registry.npmjs.org/playwright-core/-/playwright-core-1.62.1.tgz 0ms (cache hit)
808 http cache playwright@https://registry.npmjs.org/playwright/-/playwright-1.62.1.tgz 0ms (cache hit)
809 http cache pe-library@https://registry.npmjs.org/pe-library/-/pe-library-0.4.1.tgz 0ms (cache hit)
810 http cache picocolors@https://registry.npmjs.org/picocolors/-/picocolors-1.1.1.tgz 0ms (cache hit)
811 http cache @types/unist@https://registry.npmjs.org/@types/unist/-/unist-2.0.11.tgz 1ms (cache hit)
812 http cache path-key@https://registry.npmjs.org/path-key/-/path-key-3.1.1.tgz 0ms (cache hit)
813 http cache pend@https://registry.npmjs.org/pend/-/pend-1.2.0.tgz 0ms (cache hit)
814 http cache path-is-absolute@https://registry.npmjs.org/path-is-absolute/-/path-is-absolute-1.0.1.tgz 0ms (cache hit)
815 http cache p-limit@https://registry.npmjs.org/p-limit/-/p-limit-3.1.0.tgz 0ms (cache hit)
816 http cache parse-entities@https://registry.npmjs.org/parse-entities/-/parse-entities-4.0.2.tgz 0ms (cache hit)
817 http cache object-keys@https://registry.npmjs.org/object-keys/-/object-keys-1.1.1.tgz 0ms (cache hit)
818 http cache once@https://registry.npmjs.org/once/-/once-1.4.0.tgz 0ms (cache hit)
819 http cache p-cancelable@https://registry.npmjs.org/p-cancelable/-/p-cancelable-2.1.1.tgz 0ms (cache hit)
820 http cache nopt@https://registry.npmjs.org/nopt/-/nopt-9.0.0.tgz 0ms (cache hit)
821 http cache normalize-url@https://registry.npmjs.org/normalize-url/-/normalize-url-6.1.0.tgz 0ms (cache hit)
822 http cache node-releases@https://registry.npmjs.org/node-releases/-/node-releases-2.0.50.tgz 0ms (cache hit)
823 http cache which@https://registry.npmjs.org/which/-/which-6.0.1.tgz 0ms (cache hit)
824 http cache semver@https://registry.npmjs.org/semver/-/semver-7.8.5.tgz 0ms (cache hit)
825 http cache node-gyp@https://registry.npmjs.org/node-gyp/-/node-gyp-12.4.0.tgz 0ms (cache hit)
826 http cache node-int64@https://registry.npmjs.org/node-int64/-/node-int64-0.4.0.tgz 0ms (cache hit)
827 http cache isexe@https://registry.npmjs.org/isexe/-/isexe-4.0.0.tgz 0ms (cache hit)
828 http cache node-api-version@https://registry.npmjs.org/node-api-version/-/node-api-version-0.2.1.tgz 0ms (cache hit)
829 http cache semver@https://registry.npmjs.org/semver/-/semver-7.8.5.tgz 0ms (cache hit)
830 http cache nanoid@https://registry.npmjs.org/nanoid/-/nanoid-3.3.15.tgz 0ms (cache hit)
831 http cache node-abi@https://registry.npmjs.org/node-abi/-/node-abi-4.33.0.tgz 0ms (cache hit)
832 http cache semver@https://registry.npmjs.org/semver/-/semver-7.8.5.tgz 0ms (cache hit)
833 http cache mkdirp@https://registry.npmjs.org/mkdirp/-/mkdirp-0.5.6.tgz 0ms (cache hit)
834 http cache ms@https://registry.npmjs.org/ms/-/ms-2.1.3.tgz 0ms (cache hit)
835 http cache minizlib@https://registry.npmjs.org/minizlib/-/minizlib-3.1.0.tgz 0ms (cache hit)
836 http cache minimatch@https://registry.npmjs.org/minimatch/-/minimatch-10.2.6.tgz 0ms (cache hit)
837 http cache minipass@https://registry.npmjs.org/minipass/-/minipass-7.1.3.tgz 0ms (cache hit)
838 http cache mime-db@https://registry.npmjs.org/mime-db/-/mime-db-1.52.0.tgz 0ms (cache hit)
839 http cache minimist@https://registry.npmjs.org/minimist/-/minimist-1.2.8.tgz 0ms (cache hit)
840 http cache mimic-response@https://registry.npmjs.org/mimic-response/-/mimic-response-1.0.1.tgz 0ms (cache hit)
841 http cache micromark-util-subtokenize@https://registry.npmjs.org/micromark-util-subtokenize/-/micromark-util-subtokenize-2.1.0.tgz 0ms (cache hit)
842 http cache mime@https://registry.npmjs.org/mime/-/mime-2.6.0.tgz 0ms (cache hit)
843 http cache micromark-util-types@https://registry.npmjs.org/micromark-util-types/-/micromark-util-types-2.0.2.tgz 0ms (cache hit)
844 http cache mime-types@https://registry.npmjs.org/mime-types/-/mime-types-2.1.35.tgz 0ms (cache hit)
845 http cache micromark-util-sanitize-uri@https://registry.npmjs.org/micromark-util-sanitize-uri/-/micromark-util-sanitize-uri-2.0.1.tgz 0ms (cache hit)
846 http cache micromark-util-symbol@https://registry.npmjs.org/micromark-util-symbol/-/micromark-util-symbol-2.0.1.tgz 0ms (cache hit)
847 http cache micromark-util-resolve-all@https://registry.npmjs.org/micromark-util-resolve-all/-/micromark-util-resolve-all-2.0.1.tgz 0ms (cache hit)
848 http cache micromark-util-normalize-identifier@https://registry.npmjs.org/micromark-util-normalize-identifier/-/micromark-util-normalize-identifier-2.0.1.tgz 0ms (cache hit)
849 http cache micromark-util-html-tag-name@https://registry.npmjs.org/micromark-util-html-tag-name/-/micromark-util-html-tag-name-2.0.1.tgz 0ms (cache hit)
850 http cache micromark-util-encode@https://registry.npmjs.org/micromark-util-encode/-/micromark-util-encode-2.0.1.tgz 0ms (cache hit)
851 http cache micromark-util-decode-string@https://registry.npmjs.org/micromark-util-decode-string/-/micromark-util-decode-string-2.0.1.tgz 0ms (cache hit)
852 http cache micromark-util-decode-numeric-character-reference@https://registry.npmjs.org/micromark-util-decode-numeric-character-reference/-/micromark-util-decode-numeric-character-reference-2.0.2.tgz 0ms (cache hit)
853 http cache micromark-util-combine-extensions@https://registry.npmjs.org/micromark-util-combine-extensions/-/micromark-util-combine-extensions-2.0.1.tgz 0ms (cache hit)
854 http cache micromark-util-classify-character@https://registry.npmjs.org/micromark-util-classify-character/-/micromark-util-classify-character-2.0.1.tgz 0ms (cache hit)
855 http cache micromark-util-character@https://registry.npmjs.org/micromark-util-character/-/micromark-util-character-2.1.1.tgz 0ms (cache hit)
856 http cache micromark-factory-whitespace@https://registry.npmjs.org/micromark-factory-whitespace/-/micromark-factory-whitespace-2.0.1.tgz 0ms (cache hit)
857 http cache micromark-util-chunked@https://registry.npmjs.org/micromark-util-chunked/-/micromark-util-chunked-2.0.1.tgz 0ms (cache hit)
858 http cache micromark-factory-label@https://registry.npmjs.org/micromark-factory-label/-/micromark-factory-label-2.0.1.tgz 0ms (cache hit)
859 http cache micromark-factory-space@https://registry.npmjs.org/micromark-factory-space/-/micromark-factory-space-2.0.1.tgz 0ms (cache hit)
860 http cache micromark-factory-title@https://registry.npmjs.org/micromark-factory-title/-/micromark-factory-title-2.0.1.tgz 0ms (cache hit)
861 http cache micromark-factory-destination@https://registry.npmjs.org/micromark-factory-destination/-/micromark-factory-destination-2.0.1.tgz 0ms (cache hit)
862 http cache micromark-extension-gfm-task-list-item@https://registry.npmjs.org/micromark-extension-gfm-task-list-item/-/micromark-extension-gfm-task-list-item-2.1.0.tgz 0ms (cache hit)
863 http cache micromark-extension-gfm-table@https://registry.npmjs.org/micromark-extension-gfm-table/-/micromark-extension-gfm-table-2.1.1.tgz 0ms (cache hit)
864 http cache micromark-extension-gfm-tagfilter@https://registry.npmjs.org/micromark-extension-gfm-tagfilter/-/micromark-extension-gfm-tagfilter-2.0.0.tgz 0ms (cache hit)
865 http cache micromark-extension-gfm-autolink-literal@https://registry.npmjs.org/micromark-extension-gfm-autolink-literal/-/micromark-extension-gfm-autolink-literal-2.1.0.tgz 0ms (cache hit)
866 http cache micromark-extension-gfm-footnote@https://registry.npmjs.org/micromark-extension-gfm-footnote/-/micromark-extension-gfm-footnote-2.1.0.tgz 0ms (cache hit)
867 http cache micromark-extension-gfm-strikethrough@https://registry.npmjs.org/micromark-extension-gfm-strikethrough/-/micromark-extension-gfm-strikethrough-2.1.0.tgz 0ms (cache hit)
868 http cache micromark-core-commonmark@https://registry.npmjs.org/micromark-core-commonmark/-/micromark-core-commonmark-2.0.3.tgz 0ms (cache hit)
869 http cache micromark@https://registry.npmjs.org/micromark/-/micromark-4.0.2.tgz 0ms (cache hit)
870 http cache micromark-extension-gfm@https://registry.npmjs.org/micromark-extension-gfm/-/micromark-extension-gfm-3.0.0.tgz 0ms (cache hit)
871 http cache mdast-util-to-markdown@https://registry.npmjs.org/mdast-util-to-markdown/-/mdast-util-to-markdown-2.1.2.tgz 0ms (cache hit)
872 http cache mdast-util-to-string@https://registry.npmjs.org/mdast-util-to-string/-/mdast-util-to-string-4.0.0.tgz 0ms (cache hit)
873 http cache mdast-util-to-hast@https://registry.npmjs.org/mdast-util-to-hast/-/mdast-util-to-hast-13.2.1.tgz 0ms (cache hit)
874 http cache mdast-util-phrasing@https://registry.npmjs.org/mdast-util-phrasing/-/mdast-util-phrasing-4.1.0.tgz 0ms (cache hit)
875 http cache mdast-util-mdxjs-esm@https://registry.npmjs.org/mdast-util-mdxjs-esm/-/mdast-util-mdxjs-esm-2.0.1.tgz 0ms (cache hit)
876 http cache mdast-util-gfm-task-list-item@https://registry.npmjs.org/mdast-util-gfm-task-list-item/-/mdast-util-gfm-task-list-item-2.0.0.tgz 0ms (cache hit)
877 http cache mdast-util-mdx-expression@https://registry.npmjs.org/mdast-util-mdx-expression/-/mdast-util-mdx-expression-2.0.1.tgz 0ms (cache hit)
878 http cache mdast-util-mdx-jsx@https://registry.npmjs.org/mdast-util-mdx-jsx/-/mdast-util-mdx-jsx-3.2.0.tgz 0ms (cache hit)
879 http cache mdast-util-gfm-table@https://registry.npmjs.org/mdast-util-gfm-table/-/mdast-util-gfm-table-2.0.0.tgz 0ms (cache hit)
880 http cache mdast-util-gfm-footnote@https://registry.npmjs.org/mdast-util-gfm-footnote/-/mdast-util-gfm-footnote-2.1.0.tgz 0ms (cache hit)
881 http cache mdast-util-gfm-strikethrough@https://registry.npmjs.org/mdast-util-gfm-strikethrough/-/mdast-util-gfm-strikethrough-2.0.0.tgz 0ms (cache hit)
882 http cache mdast-util-gfm@https://registry.npmjs.org/mdast-util-gfm/-/mdast-util-gfm-3.1.0.tgz 0ms (cache hit)
883 http cache mdast-util-gfm-autolink-literal@https://registry.npmjs.org/mdast-util-gfm-autolink-literal/-/mdast-util-gfm-autolink-literal-2.0.1.tgz 0ms (cache hit)
884 http cache mdast-util-from-markdown@https://registry.npmjs.org/mdast-util-from-markdown/-/mdast-util-from-markdown-2.0.3.tgz 0ms (cache hit)
885 http cache escape-string-regexp@https://registry.npmjs.org/escape-string-regexp/-/escape-string-regexp-5.0.0.tgz 0ms (cache hit)
886 http cache mdast-util-find-and-replace@https://registry.npmjs.org/mdast-util-find-and-replace/-/mdast-util-find-and-replace-3.0.2.tgz 0ms (cache hit)
887 http cache markdown-table@https://registry.npmjs.org/markdown-table/-/markdown-table-3.0.4.tgz 0ms (cache hit)
888 http cache math-intrinsics@https://registry.npmjs.org/math-intrinsics/-/math-intrinsics-1.1.0.tgz 0ms (cache hit)
889 http cache matcher@https://registry.npmjs.org/matcher/-/matcher-3.0.0.tgz 0ms (cache hit)
890 http cache lowercase-keys@https://registry.npmjs.org/lowercase-keys/-/lowercase-keys-2.0.0.tgz 0ms (cache hit)
891 http cache longest-streak@https://registry.npmjs.org/longest-streak/-/longest-streak-3.1.0.tgz 0ms (cache hit)
892 http cache lodash@https://registry.npmjs.org/lodash/-/lodash-4.18.1.tgz 0ms (cache hit)
893 http cache lru-cache@https://registry.npmjs.org/lru-cache/-/lru-cache-5.1.1.tgz 0ms (cache hit)
894 http cache keyv@https://registry.npmjs.org/keyv/-/keyv-4.5.4.tgz 0ms (cache hit)
895 http cache lazy-val@https://registry.npmjs.org/lazy-val/-/lazy-val-1.0.5.tgz 0ms (cache hit)
896 http cache jsonfile@https://registry.npmjs.org/jsonfile/-/jsonfile-4.0.0.tgz 0ms (cache hit)
897 http cache json5@https://registry.npmjs.org/json5/-/json5-2.2.3.tgz 0ms (cache hit)
898 http cache json-stringify-safe@https://registry.npmjs.org/json-stringify-safe/-/json-stringify-safe-5.0.1.tgz 0ms (cache hit)
899 http cache json-buffer@https://registry.npmjs.org/json-buffer/-/json-buffer-3.0.1.tgz 0ms (cache hit)
900 http cache jsesc@https://registry.npmjs.org/jsesc/-/jsesc-3.1.0.tgz 0ms (cache hit)
901 http cache js-yaml@https://registry.npmjs.org/js-yaml/-/js-yaml-4.3.1.tgz 0ms (cache hit)
902 http cache json-schema-traverse@https://registry.npmjs.org/json-schema-traverse/-/json-schema-traverse-1.0.0.tgz 0ms (cache hit)
903 http cache jiti@https://registry.npmjs.org/jiti/-/jiti-2.7.0.tgz 0ms (cache hit)
904 http cache js-tokens@https://registry.npmjs.org/js-tokens/-/js-tokens-4.0.0.tgz 0ms (cache hit)
905 http cache isexe@https://registry.npmjs.org/isexe/-/isexe-2.0.0.tgz 0ms (cache hit)
906 http cache isbinaryfile@https://registry.npmjs.org/isbinaryfile/-/isbinaryfile-5.0.7.tgz 0ms (cache hit)
907 http cache jake@https://registry.npmjs.org/jake/-/jake-10.9.4.tgz 0ms (cache hit)
908 http cache isarray@https://registry.npmjs.org/isarray/-/isarray-1.0.0.tgz 0ms (cache hit)
909 http cache is-plain-obj@https://registry.npmjs.org/is-plain-obj/-/is-plain-obj-4.1.0.tgz 0ms (cache hit)
910 http cache is-alphanumerical@https://registry.npmjs.org/is-alphanumerical/-/is-alphanumerical-2.0.1.tgz 0ms (cache hit)
911 http cache is-hexadecimal@https://registry.npmjs.org/is-hexadecimal/-/is-hexadecimal-2.0.1.tgz 0ms (cache hit)
912 http cache is-decimal@https://registry.npmjs.org/is-decimal/-/is-decimal-2.0.1.tgz 0ms (cache hit)
913 http cache is-fullwidth-code-point@https://registry.npmjs.org/is-fullwidth-code-point/-/is-fullwidth-code-point-3.0.0.tgz 0ms (cache hit)
914 http cache is-alphabetical@https://registry.npmjs.org/is-alphabetical/-/is-alphabetical-2.0.1.tgz 0ms (cache hit)
915 http cache https-proxy-agent@https://registry.npmjs.org/https-proxy-agent/-/https-proxy-agent-7.0.6.tgz 0ms (cache hit)
916 http cache inherits@https://registry.npmjs.org/inherits/-/inherits-2.0.4.tgz 0ms (cache hit)
917 http cache inline-style-parser@https://registry.npmjs.org/inline-style-parser/-/inline-style-parser-0.2.7.tgz 0ms (cache hit)
918 http cache inflight@https://registry.npmjs.org/inflight/-/inflight-1.0.6.tgz 0ms (cache hit)
919 http cache http-proxy-agent@https://registry.npmjs.org/http-proxy-agent/-/http-proxy-agent-7.0.2.tgz 0ms (cache hit)
920 http cache http-cache-semantics@https://registry.npmjs.org/http-cache-semantics/-/http-cache-semantics-4.2.0.tgz 0ms (cache hit)
921 http cache html-url-attributes@https://registry.npmjs.org/html-url-attributes/-/html-url-attributes-3.0.1.tgz 0ms (cache hit)
922 http cache yallist@https://registry.npmjs.org/yallist/-/yallist-4.0.0.tgz 0ms (cache hit)
923 http cache hosted-git-info@https://registry.npmjs.org/hosted-git-info/-/hosted-git-info-4.1.0.tgz 0ms (cache hit)
924 http cache http2-wrapper@https://registry.npmjs.org/http2-wrapper/-/http2-wrapper-1.0.3.tgz 0ms (cache hit)
925 http cache hast-util-whitespace@https://registry.npmjs.org/hast-util-whitespace/-/hast-util-whitespace-3.0.0.tgz 0ms (cache hit)
926 http cache lru-cache@https://registry.npmjs.org/lru-cache/-/lru-cache-6.0.0.tgz 0ms (cache hit)
927 http cache hast-util-to-jsx-runtime@https://registry.npmjs.org/hast-util-to-jsx-runtime/-/hast-util-to-jsx-runtime-2.3.6.tgz 0ms (cache hit)
928 http cache has-tostringtag@https://registry.npmjs.org/has-tostringtag/-/has-tostringtag-1.0.2.tgz 0ms (cache hit)
929 http cache graceful-fs@https://registry.npmjs.org/graceful-fs/-/graceful-fs-4.2.11.tgz 0ms (cache hit)
930 http cache has-flag@https://registry.npmjs.org/has-flag/-/has-flag-4.0.0.tgz 0ms (cache hit)
931 http cache hasown@https://registry.npmjs.org/hasown/-/hasown-2.0.4.tgz 0ms (cache hit)
932 http cache has-symbols@https://registry.npmjs.org/has-symbols/-/has-symbols-1.1.0.tgz 0ms (cache hit)
933 http cache has-property-descriptors@https://registry.npmjs.org/has-property-descriptors/-/has-property-descriptors-1.0.2.tgz 0ms (cache hit)
934 http cache got@https://registry.npmjs.org/got/-/got-11.8.6.tgz 0ms (cache hit)
935 http cache global-agent@https://registry.npmjs.org/global-agent/-/global-agent-3.0.0.tgz 0ms (cache hit)
936 http cache gopd@https://registry.npmjs.org/gopd/-/gopd-1.2.0.tgz 0ms (cache hit)
937 http cache semver@https://registry.npmjs.org/semver/-/semver-7.8.5.tgz 0ms (cache hit)
938 http cache glob@https://registry.npmjs.org/glob/-/glob-7.2.3.tgz 0ms (cache hit)
939 http cache globalthis@https://registry.npmjs.org/globalthis/-/globalthis-1.0.4.tgz 0ms (cache hit)
940 http cache balanced-match@https://registry.npmjs.org/balanced-match/-/balanced-match-1.0.2.tgz 0ms (cache hit)
941 http cache minimatch@https://registry.npmjs.org/minimatch/-/minimatch-3.1.5.tgz 0ms (cache hit)
942 http cache brace-expansion@https://registry.npmjs.org/brace-expansion/-/brace-expansion-1.1.18.tgz 0ms (cache hit)
943 http cache get-stream@https://registry.npmjs.org/get-stream/-/get-stream-5.2.0.tgz 0ms (cache hit)
944 http cache get-proto@https://registry.npmjs.org/get-proto/-/get-proto-1.0.1.tgz 0ms (cache hit)
945 http cache get-caller-file@https://registry.npmjs.org/get-caller-file/-/get-caller-file-2.0.5.tgz 0ms (cache hit)
946 http cache get-intrinsic@https://registry.npmjs.org/get-intrinsic/-/get-intrinsic-1.3.0.tgz 0ms (cache hit)
947 http cache minimatch@https://registry.npmjs.org/minimatch/-/minimatch-5.1.9.tgz 0ms (cache hit)
948 http cache function-bind@https://registry.npmjs.org/function-bind/-/function-bind-1.1.2.tgz 0ms (cache hit)
949 http cache gensync@https://registry.npmjs.org/gensync/-/gensync-1.0.0-beta.2.tgz 0ms (cache hit)
950 http cache fs-extra@https://registry.npmjs.org/fs-extra/-/fs-extra-8.1.0.tgz 0ms (cache hit)
951 http cache filelist@https://registry.npmjs.org/filelist/-/filelist-1.0.6.tgz 0ms (cache hit)
952 http cache fs.realpath@https://registry.npmjs.org/fs.realpath/-/fs.realpath-1.0.0.tgz 0ms (cache hit)
953 http cache balanced-match@https://registry.npmjs.org/balanced-match/-/balanced-match-1.0.2.tgz 0ms (cache hit)
954 http cache form-data@https://registry.npmjs.org/form-data/-/form-data-4.0.6.tgz 0ms (cache hit)
955 http cache brace-expansion@https://registry.npmjs.org/brace-expansion/-/brace-expansion-2.1.4.tgz 0ms (cache hit)
956 http cache fdir@https://registry.npmjs.org/fdir/-/fdir-6.5.0.tgz 0ms (cache hit)
957 http cache fd-slicer@https://registry.npmjs.org/fd-slicer/-/fd-slicer-1.1.0.tgz 0ms (cache hit)
958 http cache fast-uri@https://registry.npmjs.org/fast-uri/-/fast-uri-3.1.5.tgz 0ms (cache hit)
959 http cache extend@https://registry.npmjs.org/extend/-/extend-3.0.2.tgz 0ms (cache hit)
960 http cache fast-deep-equal@https://registry.npmjs.org/fast-deep-equal/-/fast-deep-equal-3.1.3.tgz 0ms (cache hit)
961 http cache extract-zip@https://registry.npmjs.org/extract-zip/-/extract-zip-2.0.1.tgz 0ms (cache hit)
962 http cache exponential-backoff@https://registry.npmjs.org/exponential-backoff/-/exponential-backoff-3.1.3.tgz 0ms (cache hit)
963 http cache estree-util-is-identifier-name@https://registry.npmjs.org/estree-util-is-identifier-name/-/estree-util-is-identifier-name-3.0.0.tgz 0ms (cache hit)
964 http cache esbuild@https://registry.npmjs.org/esbuild/-/esbuild-0.25.12.tgz 0ms (cache hit)
965 http cache es6-error@https://registry.npmjs.org/es6-error/-/es6-error-4.1.1.tgz 0ms (cache hit)
966 http cache escape-string-regexp@https://registry.npmjs.org/escape-string-regexp/-/escape-string-regexp-4.0.0.tgz 0ms (cache hit)
967 http cache escalade@https://registry.npmjs.org/escalade/-/escalade-3.2.0.tgz 0ms (cache hit)
968 http cache core-util-is@https://registry.npmjs.org/core-util-is/-/core-util-is-1.0.3.tgz 0ms (cache hit)
969 http cache es-set-tostringtag@https://registry.npmjs.org/es-set-tostringtag/-/es-set-tostringtag-2.1.0.tgz 0ms (cache hit)
970 http cache convert-source-map@https://registry.npmjs.org/convert-source-map/-/convert-source-map-2.0.0.tgz 1ms (cache hit)
971 http cache es-errors@https://registry.npmjs.org/es-errors/-/es-errors-1.3.0.tgz 0ms (cache hit)
972 http cache es-define-property@https://registry.npmjs.org/es-define-property/-/es-define-property-1.0.1.tgz 0ms (cache hit)
973 http cache es-object-atoms@https://registry.npmjs.org/es-object-atoms/-/es-object-atoms-1.1.2.tgz 0ms (cache hit)
974 http cache env-paths@https://registry.npmjs.org/env-paths/-/env-paths-2.2.1.tgz 0ms (cache hit)
975 http cache end-of-stream@https://registry.npmjs.org/end-of-stream/-/end-of-stream-1.4.5.tgz 0ms (cache hit)
976 http cache err-code@https://registry.npmjs.org/err-code/-/err-code-2.0.3.tgz 0ms (cache hit)
977 http cache fs-extra@https://registry.npmjs.org/fs-extra/-/fs-extra-7.0.1.tgz 0ms (cache hit)
978 http cache emoji-regex@https://registry.npmjs.org/emoji-regex/-/emoji-regex-8.0.0.tgz 0ms (cache hit)
979 http cache electron-to-chromium@https://registry.npmjs.org/electron-to-chromium/-/electron-to-chromium-1.5.389.tgz 0ms (cache hit)
980 http cache universalify@https://registry.npmjs.org/universalify/-/universalify-2.0.1.tgz 0ms (cache hit)
981 http cache electron-winstaller@https://registry.npmjs.org/electron-winstaller/-/electron-winstaller-5.4.0.tgz 0ms (cache hit)
982 http cache jsonfile@https://registry.npmjs.org/jsonfile/-/jsonfile-6.2.1.tgz 0ms (cache hit)
983 http cache fs-extra@https://registry.npmjs.org/fs-extra/-/fs-extra-10.1.0.tgz 0ms (cache hit)
984 http cache electron-publish@https://registry.npmjs.org/electron-publish/-/electron-publish-26.15.3.tgz 0ms (cache hit)
985 http cache electron-builder-squirrel-windows@https://registry.npmjs.org/electron-builder-squirrel-windows/-/electron-builder-squirrel-windows-26.15.3.tgz 0ms (cache hit)
986 http cache electron-builder@https://registry.npmjs.org/electron-builder/-/electron-builder-26.15.3.tgz 0ms (cache hit)
987 http cache ejs@https://registry.npmjs.org/ejs/-/ejs-3.1.10.tgz 0ms (cache hit)
988 http cache universalify@https://registry.npmjs.org/universalify/-/universalify-2.0.1.tgz 0ms (cache hit)
989 http cache electron@https://registry.npmjs.org/electron/-/electron-38.8.6.tgz 0ms (cache hit)
990 http cache @types/node@https://registry.npmjs.org/@types/node/-/node-22.20.1.tgz 0ms (cache hit)
991 http cache jsonfile@https://registry.npmjs.org/jsonfile/-/jsonfile-6.2.1.tgz 0ms (cache hit)
992 http cache fs-extra@https://registry.npmjs.org/fs-extra/-/fs-extra-10.1.0.tgz 0ms (cache hit)
993 http cache undici-types@https://registry.npmjs.org/undici-types/-/undici-types-6.21.0.tgz 0ms (cache hit)
994 http cache dunder-proto@https://registry.npmjs.org/dunder-proto/-/dunder-proto-1.0.1.tgz 0ms (cache hit)
995 http cache duplexer2@https://registry.npmjs.org/duplexer2/-/duplexer2-0.1.4.tgz 0ms (cache hit)
996 http cache jsonfile@https://registry.npmjs.org/jsonfile/-/jsonfile-6.2.1.tgz 0ms (cache hit)
997 http cache dotenv-expand@https://registry.npmjs.org/dotenv-expand/-/dotenv-expand-11.0.7.tgz 0ms (cache hit)
998 http cache dotenv@https://registry.npmjs.org/dotenv/-/dotenv-16.6.1.tgz 0ms (cache hit)
999 http cache universalify@https://registry.npmjs.org/universalify/-/universalify-2.0.1.tgz 0ms (cache hit)
1000 http cache fs-extra@https://registry.npmjs.org/fs-extra/-/fs-extra-10.1.0.tgz 0ms (cache hit)
1001 http cache dmg-builder@https://registry.npmjs.org/dmg-builder/-/dmg-builder-26.15.3.tgz 0ms (cache hit)
1002 http cache devlop@https://registry.npmjs.org/devlop/-/devlop-1.1.0.tgz 0ms (cache hit)
1003 http cache dir-compare@https://registry.npmjs.org/dir-compare/-/dir-compare-4.2.0.tgz 0ms (cache hit)
1004 http cache detect-node@https://registry.npmjs.org/detect-node/-/detect-node-2.1.0.tgz 0ms (cache hit)
1005 http cache dequal@https://registry.npmjs.org/dequal/-/dequal-2.0.3.tgz 0ms (cache hit)
1006 http cache balanced-match@https://registry.npmjs.org/balanced-match/-/balanced-match-1.0.2.tgz 0ms (cache hit)
1007 http cache brace-expansion@https://registry.npmjs.org/brace-expansion/-/brace-expansion-1.1.18.tgz 0ms (cache hit)
1008 http cache minimatch@https://registry.npmjs.org/minimatch/-/minimatch-3.1.5.tgz 0ms (cache hit)
1009 http cache mimic-response@https://registry.npmjs.org/mimic-response/-/mimic-response-3.1.0.tgz 0ms (cache hit)
1010 http cache define-properties@https://registry.npmjs.org/define-properties/-/define-properties-1.2.1.tgz 0ms (cache hit)
1011 http cache delayed-stream@https://registry.npmjs.org/delayed-stream/-/delayed-stream-1.0.0.tgz 0ms (cache hit)
1012 http cache decompress-response@https://registry.npmjs.org/decompress-response/-/decompress-response-6.0.0.tgz 0ms (cache hit)
1013 http cache decode-named-character-reference@https://registry.npmjs.org/decode-named-character-reference/-/decode-named-character-reference-1.3.0.tgz 0ms (cache hit)
1014 http cache defer-to-connect@https://registry.npmjs.org/defer-to-connect/-/defer-to-connect-2.0.1.tgz 0ms (cache hit)
1015 http cache debug@https://registry.npmjs.org/debug/-/debug-4.4.3.tgz 0ms (cache hit)
1016 http cache define-data-property@https://registry.npmjs.org/define-data-property/-/define-data-property-1.1.4.tgz 0ms (cache hit)
1017 http cache csstype@https://registry.npmjs.org/csstype/-/csstype-3.2.3.tgz 0ms (cache hit)
1018 http cache cross-env@https://registry.npmjs.org/cross-env/-/cross-env-10.1.0.tgz 0ms (cache hit)
1019 http cache concat-map@https://registry.npmjs.org/concat-map/-/concat-map-0.0.1.tgz 0ms (cache hit)
1020 http cache cross-spawn@https://registry.npmjs.org/cross-spawn/-/cross-spawn-7.0.6.tgz 0ms (cache hit)
1021 http cache compare-version@https://registry.npmjs.org/compare-version/-/compare-version-0.1.2.tgz 0ms (cache hit)
1022 http cache cross-dirname@https://registry.npmjs.org/cross-dirname/-/cross-dirname-0.1.0.tgz 0ms (cache hit)
1023 http cache commander@https://registry.npmjs.org/commander/-/commander-5.1.0.tgz 0ms (cache hit)
1024 http cache combined-stream@https://registry.npmjs.org/combined-stream/-/combined-stream-1.0.8.tgz 0ms (cache hit)
1025 http cache color-convert@https://registry.npmjs.org/color-convert/-/color-convert-2.0.1.tgz 0ms (cache hit)
1026 http cache color-name@https://registry.npmjs.org/color-name/-/color-name-1.1.4.tgz 0ms (cache hit)
1027 http cache clone-response@https://registry.npmjs.org/clone-response/-/clone-response-1.0.3.tgz 0ms (cache hit)
1028 http cache comma-separated-tokens@https://registry.npmjs.org/comma-separated-tokens/-/comma-separated-tokens-2.0.3.tgz 0ms (cache hit)
1029 http cache cliui@https://registry.npmjs.org/cliui/-/cliui-8.0.1.tgz 0ms (cache hit)
1030 http cache ci-info@https://registry.npmjs.org/ci-info/-/ci-info-4.4.0.tgz 0ms (cache hit)
1031 http cache chromium-pickle-js@https://registry.npmjs.org/chromium-pickle-js/-/chromium-pickle-js-0.2.0.tgz 0ms (cache hit)
1032 http cache character-reference-invalid@https://registry.npmjs.org/character-reference-invalid/-/character-reference-invalid-2.0.1.tgz 0ms (cache hit)
1033 http cache character-entities-legacy@https://registry.npmjs.org/character-entities-legacy/-/character-entities-legacy-3.0.0.tgz 0ms (cache hit)
1034 http cache chownr@https://registry.npmjs.org/chownr/-/chownr-3.0.0.tgz 0ms (cache hit)
1035 http cache character-entities-html4@https://registry.npmjs.org/character-entities-html4/-/character-entities-html4-2.1.0.tgz 0ms (cache hit)
1036 http cache character-entities@https://registry.npmjs.org/character-entities/-/character-entities-2.0.2.tgz 0ms (cache hit)
1037 http cache supports-color@https://registry.npmjs.org/supports-color/-/supports-color-7.2.0.tgz 0ms (cache hit)
1038 http cache caniuse-lite@https://registry.npmjs.org/caniuse-lite/-/caniuse-lite-1.0.30001803.tgz 0ms (cache hit)
1039 http cache ccount@https://registry.npmjs.org/ccount/-/ccount-2.0.1.tgz 0ms (cache hit)
1040 http cache cacheable-request@https://registry.npmjs.org/cacheable-request/-/cacheable-request-7.0.4.tgz 0ms (cache hit)
1041 http cache chalk@https://registry.npmjs.org/chalk/-/chalk-4.1.2.tgz 0ms (cache hit)
1042 http cache cacheable-lookup@https://registry.npmjs.org/cacheable-lookup/-/cacheable-lookup-5.0.4.tgz 0ms (cache hit)
1043 http cache call-bind-apply-helpers@https://registry.npmjs.org/call-bind-apply-helpers/-/call-bind-apply-helpers-1.0.2.tgz 0ms (cache hit)
1044 http cache universalify@https://registry.npmjs.org/universalify/-/universalify-2.0.1.tgz 0ms (cache hit)
1045 http cache bytestreamjs@https://registry.npmjs.org/bytestreamjs/-/bytestreamjs-2.0.1.tgz 0ms (cache hit)
1046 http cache builder-util-runtime@https://registry.npmjs.org/builder-util-runtime/-/builder-util-runtime-9.7.0.tgz 0ms (cache hit)
1047 http cache builder-util@https://registry.npmjs.org/builder-util/-/builder-util-26.15.3.tgz 0ms (cache hit)
1048 http cache fs-extra@https://registry.npmjs.org/fs-extra/-/fs-extra-10.1.0.tgz 0ms (cache hit)
1049 http cache jsonfile@https://registry.npmjs.org/jsonfile/-/jsonfile-6.2.1.tgz 0ms (cache hit)
1050 http cache buffer-from@https://registry.npmjs.org/buffer-from/-/buffer-from-1.1.2.tgz 0ms (cache hit)
1051 http cache browserslist@https://registry.npmjs.org/browserslist/-/browserslist-4.28.5.tgz 0ms (cache hit)
1052 http cache buffer-crc32@https://registry.npmjs.org/buffer-crc32/-/buffer-crc32-0.2.13.tgz 0ms (cache hit)
1053 http cache boolean@https://registry.npmjs.org/boolean/-/boolean-3.2.0.tgz 0ms (cache hit)
1054 http cache bluebird@https://registry.npmjs.org/bluebird/-/bluebird-3.7.2.tgz 0ms (cache hit)
1055 http cache brace-expansion@https://registry.npmjs.org/brace-expansion/-/brace-expansion-5.0.9.tgz 0ms (cache hit)
1056 http cache base64-js@https://registry.npmjs.org/base64-js/-/base64-js-1.5.1.tgz 0ms (cache hit)
1057 http cache balanced-match@https://registry.npmjs.org/balanced-match/-/balanced-match-4.0.4.tgz 0ms (cache hit)
1058 http cache baseline-browser-mapping@https://registry.npmjs.org/baseline-browser-mapping/-/baseline-browser-mapping-2.10.42.tgz 0ms (cache hit)
1059 http cache at-least-node@https://registry.npmjs.org/at-least-node/-/at-least-node-1.0.0.tgz 0ms (cache hit)
1060 http cache aws4@https://registry.npmjs.org/aws4/-/aws4-1.13.2.tgz 0ms (cache hit)
1061 http cache async-exit-hook@https://registry.npmjs.org/async-exit-hook/-/async-exit-hook-2.0.1.tgz 0ms (cache hit)
1062 http cache bail@https://registry.npmjs.org/bail/-/bail-2.0.2.tgz 0ms (cache hit)
1063 http cache asynckit@https://registry.npmjs.org/asynckit/-/asynckit-0.4.0.tgz 0ms (cache hit)
1064 http cache async@https://registry.npmjs.org/async/-/async-3.2.6.tgz 1ms (cache hit)
1065 http cache asn1js@https://registry.npmjs.org/asn1js/-/asn1js-3.0.10.tgz 0ms (cache hit)
1066 http cache app-builder-lib@https://registry.npmjs.org/app-builder-lib/-/app-builder-lib-26.15.3.tgz 0ms (cache hit)
1067 http cache fs-extra@https://registry.npmjs.org/fs-extra/-/fs-extra-8.1.0.tgz 0ms (cache hit)
1068 http cache semver@https://registry.npmjs.org/semver/-/semver-6.3.1.tgz 0ms (cache hit)
1069 http cache @electron/get@https://registry.npmjs.org/@electron/get/-/get-3.1.0.tgz 0ms (cache hit)
1070 http cache argparse@https://registry.npmjs.org/argparse/-/argparse-2.0.1.tgz 0ms (cache hit)
1071 http cache universalify@https://registry.npmjs.org/universalify/-/universalify-2.0.1.tgz 0ms (cache hit)
1072 http cache semver@https://registry.npmjs.org/semver/-/semver-7.7.4.tgz 0ms (cache hit)
1073 http cache jsonfile@https://registry.npmjs.org/jsonfile/-/jsonfile-6.2.1.tgz 0ms (cache hit)
1074 http cache fs-extra@https://registry.npmjs.org/fs-extra/-/fs-extra-10.1.0.tgz 0ms (cache hit)
1075 http cache ansi-styles@https://registry.npmjs.org/ansi-styles/-/ansi-styles-4.3.0.tgz 0ms (cache hit)
1076 http cache which@https://registry.npmjs.org/which/-/which-5.0.0.tgz 0ms (cache hit)
1077 http cache isexe@https://registry.npmjs.org/isexe/-/isexe-3.1.5.tgz 0ms (cache hit)
1078 http cache ci-info@https://registry.npmjs.org/ci-info/-/ci-info-4.3.1.tgz 0ms (cache hit)
1079 http cache ansi-regex@https://registry.npmjs.org/ansi-regex/-/ansi-regex-5.0.1.tgz 0ms (cache hit)
1080 silly tarball no local data for @vitejs/plugin-react@https://registry.npmjs.org/@vitejs/plugin-react/-/plugin-react-5.0.4.tgz. Extracting by manifest.
1081 silly tarball no local data for @types/unist@https://registry.npmjs.org/@types/unist/-/unist-3.0.3.tgz. Extracting by manifest.
1082 silly tarball no local data for @xmldom/xmldom@https://registry.npmjs.org/@xmldom/xmldom/-/xmldom-0.8.14.tgz. Extracting by manifest.
1083 silly tarball no local data for @types/yauzl@https://registry.npmjs.org/@types/yauzl/-/yauzl-2.10.3.tgz. Extracting by manifest.
1084 silly tarball no local data for @types/responselike@https://registry.npmjs.org/@types/responselike/-/responselike-1.0.3.tgz. Extracting by manifest.
1085 silly tarball no local data for @types/react-dom@https://registry.npmjs.org/@types/react-dom/-/react-dom-19.2.4.tgz. Extracting by manifest.
1086 silly tarball no local data for @ungap/structured-clone@https://registry.npmjs.org/@ungap/structured-clone/-/structured-clone-1.3.3.tgz. Extracting by manifest.
1087 silly tarball no local data for @types/react@https://registry.npmjs.org/@types/react/-/react-19.2.18.tgz. Extracting by manifest.
1088 silly tarball no local data for @types/node@https://registry.npmjs.org/@types/node/-/node-24.13.3.tgz. Extracting by manifest.
1089 silly tarball no local data for @types/mdast@https://registry.npmjs.org/@types/mdast/-/mdast-4.0.4.tgz. Extracting by manifest.
1090 http cache ajv@https://registry.npmjs.org/ajv/-/ajv-8.20.0.tgz 0ms (cache hit)
1091 silly tarball no local data for @types/ms@https://registry.npmjs.org/@types/ms/-/ms-2.1.0.tgz. Extracting by manifest.
1092 silly tarball no local data for @types/keyv@https://registry.npmjs.org/@types/keyv/-/keyv-3.1.4.tgz. Extracting by manifest.
1093 silly tarball no local data for @types/hast@https://registry.npmjs.org/@types/hast/-/hast-3.0.5.tgz. Extracting by manifest.
1094 silly tarball no local data for @types/http-cache-semantics@https://registry.npmjs.org/@types/http-cache-semantics/-/http-cache-semantics-4.2.0.tgz. Extracting by manifest.
1095 silly tarball no local data for @types/fs-extra@https://registry.npmjs.org/@types/fs-extra/-/fs-extra-9.0.13.tgz. Extracting by manifest.
1096 silly tarball no local data for @types/debug@https://registry.npmjs.org/@types/debug/-/debug-4.1.13.tgz. Extracting by manifest.
1097 silly tarball no local data for @types/estree-jsx@https://registry.npmjs.org/@types/estree-jsx/-/estree-jsx-1.0.5.tgz. Extracting by manifest.
1098 silly tarball no local data for @types/estree@https://registry.npmjs.org/@types/estree/-/estree-1.0.9.tgz. Extracting by manifest.
1099 silly tarball no local data for @types/cacheable-request@https://registry.npmjs.org/@types/cacheable-request/-/cacheable-request-6.0.3.tgz. Extracting by manifest.
1100 silly tarball no local data for @types/babel__traverse@https://registry.npmjs.org/@types/babel__traverse/-/babel__traverse-7.28.0.tgz. Extracting by manifest.
1101 silly tarball no local data for @types/babel__generator@https://registry.npmjs.org/@types/babel__generator/-/babel__generator-7.27.0.tgz. Extracting by manifest.
1102 http cache abbrev@https://registry.npmjs.org/abbrev/-/abbrev-4.0.0.tgz 0ms (cache hit)
1103 http cache agent-base@https://registry.npmjs.org/agent-base/-/agent-base-7.1.4.tgz 0ms (cache hit)
1104 silly tarball no local data for @types/babel__template@https://registry.npmjs.org/@types/babel__template/-/babel__template-7.4.4.tgz. Extracting by manifest.
1105 silly tarball no local data for @types/babel__core@https://registry.npmjs.org/@types/babel__core/-/babel__core-7.20.5.tgz. Extracting by manifest.
1106 silly tarball no local data for @rollup/rollup-win32-x64-msvc@https://registry.npmjs.org/@rollup/rollup-win32-x64-msvc/-/rollup-win32-x64-msvc-4.62.2.tgz. Extracting by manifest.
1107 silly tarball no local data for @rolldown/pluginutils@https://registry.npmjs.org/@rolldown/pluginutils/-/pluginutils-1.0.0-beta.38.tgz. Extracting by manifest.
1108 silly tarball no local data for @rollup/rollup-win32-x64-gnu@https://registry.npmjs.org/@rollup/rollup-win32-x64-gnu/-/rollup-win32-x64-gnu-4.62.2.tgz. Extracting by manifest.
1109 silly tarball no local data for @playwright/test@https://registry.npmjs.org/@playwright/test/-/test-1.62.1.tgz. Extracting by manifest.
1110 silly tarball no local data for @peculiar/utils@https://registry.npmjs.org/@peculiar/utils/-/utils-2.0.3.tgz. Extracting by manifest.
1111 silly tarball no local data for @peculiar/json-schema@https://registry.npmjs.org/@peculiar/json-schema/-/json-schema-1.1.12.tgz. Extracting by manifest.
1112 silly tarball no local data for @szmarczak/http-timer@https://registry.npmjs.org/@szmarczak/http-timer/-/http-timer-4.0.6.tgz. Extracting by manifest.
1113 silly tarball no local data for @sindresorhus/is@https://registry.npmjs.org/@sindresorhus/is/-/is-4.6.0.tgz. Extracting by manifest.
1114 silly tarball no local data for @peculiar/webcrypto@https://registry.npmjs.org/@peculiar/webcrypto/-/webcrypto-1.7.1.tgz. Extracting by manifest.
1115 silly tarball no local data for @peculiar/asn1-schema@https://registry.npmjs.org/@peculiar/asn1-schema/-/asn1-schema-2.9.4.tgz. Extracting by manifest.
1116 silly tarball no local data for @openai/codex@https://registry.npmjs.org/@openai/codex/-/codex-0.149.0.tgz. Extracting by manifest.
1117 silly tarball no local data for @noble/hashes@https://registry.npmjs.org/@noble/hashes/-/hashes-2.3.0.tgz. Extracting by manifest.
1118 silly tarball no local data for @malept/flatpak-bundler@https://registry.npmjs.org/@malept/flatpak-bundler/-/flatpak-bundler-0.4.0.tgz. Extracting by manifest.
1119 silly tarball no local data for @openai/codex-win32-x64@https://registry.npmjs.org/@openai/codex/-/codex-0.149.0-win32-x64.tgz. Extracting by manifest.
1120 silly tarball no local data for @malept/cross-spawn-promise@https://registry.npmjs.org/@malept/cross-spawn-promise/-/cross-spawn-promise-2.0.0.tgz. Extracting by manifest.
1121 silly tarball no local data for @jridgewell/trace-mapping@https://registry.npmjs.org/@jridgewell/trace-mapping/-/trace-mapping-0.3.31.tgz. Extracting by manifest.
1122 silly tarball no local data for universalify@https://registry.npmjs.org/universalify/-/universalify-2.0.1.tgz. Extracting by manifest.
1123 silly tarball no local data for fs-extra@https://registry.npmjs.org/fs-extra/-/fs-extra-9.1.0.tgz. Extracting by manifest.
1124 silly tarball no local data for jsonfile@https://registry.npmjs.org/jsonfile/-/jsonfile-6.2.1.tgz. Extracting by manifest.
1125 silly tarball no local data for @jridgewell/sourcemap-codec@https://registry.npmjs.org/@jridgewell/sourcemap-codec/-/sourcemap-codec-1.5.5.tgz. Extracting by manifest.
1126 silly tarball no local data for @jridgewell/gen-mapping@https://registry.npmjs.org/@jridgewell/gen-mapping/-/gen-mapping-0.3.13.tgz. Extracting by manifest.
1127 silly tarball no local data for @jridgewell/resolve-uri@https://registry.npmjs.org/@jridgewell/resolve-uri/-/resolve-uri-3.1.2.tgz. Extracting by manifest.
1128 silly tarball no local data for @isaacs/fs-minipass@https://registry.npmjs.org/@isaacs/fs-minipass/-/fs-minipass-4.0.1.tgz. Extracting by manifest.
1129 silly tarball no local data for @jridgewell/remapping@https://registry.npmjs.org/@jridgewell/remapping/-/remapping-2.3.5.tgz. Extracting by manifest.
1130 silly tarball no local data for @fluentui/react-icons@https://registry.npmjs.org/@fluentui/react-icons/-/react-icons-2.0.337.tgz. Extracting by manifest.
1131 silly tarball no local data for @griffel/style-types@https://registry.npmjs.org/@griffel/style-types/-/style-types-1.4.2.tgz. Extracting by manifest.
1132 silly tarball no local data for @griffel/core@https://registry.npmjs.org/@griffel/core/-/core-1.21.3.tgz. Extracting by manifest.
1133 silly tarball no local data for @griffel/react@https://registry.npmjs.org/@griffel/react/-/react-1.7.7.tgz. Extracting by manifest.
1134 silly tarball no local data for @epic-web/invariant@https://registry.npmjs.org/@epic-web/invariant/-/invariant-1.0.0.tgz. Extracting by manifest.
1135 silly tarball no local data for @electron/windows-sign@https://registry.npmjs.org/@electron/windows-sign/-/windows-sign-1.2.2.tgz. Extracting by manifest.
1136 silly tarball no local data for @esbuild/win32-x64@https://registry.npmjs.org/@esbuild/win32-x64/-/win32-x64-0.25.12.tgz. Extracting by manifest.
1137 silly tarball no local data for @emotion/hash@https://registry.npmjs.org/@emotion/hash/-/hash-0.9.2.tgz. Extracting by manifest.
1138 silly tarball no local data for jsonfile@https://registry.npmjs.org/jsonfile/-/jsonfile-6.2.1.tgz. Extracting by manifest.
1139 silly tarball no local data for universalify@https://registry.npmjs.org/universalify/-/universalify-2.0.1.tgz. Extracting by manifest.
1140 silly tarball no local data for @electron/universal@https://registry.npmjs.org/@electron/universal/-/universal-2.0.3.tgz. Extracting by manifest.
1141 silly tarball no local data for minimatch@https://registry.npmjs.org/minimatch/-/minimatch-9.0.9.tgz. Extracting by manifest.
1142 silly tarball no local data for fs-extra@https://registry.npmjs.org/fs-extra/-/fs-extra-11.4.0.tgz. Extracting by manifest.
1143 silly tarball no local data for jsonfile@https://registry.npmjs.org/jsonfile/-/jsonfile-6.2.1.tgz. Extracting by manifest.
1144 silly tarball no local data for fs-extra@https://registry.npmjs.org/fs-extra/-/fs-extra-11.4.0.tgz. Extracting by manifest.
1145 silly tarball no local data for universalify@https://registry.npmjs.org/universalify/-/universalify-2.0.1.tgz. Extracting by manifest.
1146 silly tarball no local data for @electron/osx-sign@https://registry.npmjs.org/@electron/osx-sign/-/osx-sign-1.3.3.tgz. Extracting by manifest.
1147 silly tarball no local data for balanced-match@https://registry.npmjs.org/balanced-match/-/balanced-match-1.0.2.tgz. Extracting by manifest.
1148 silly tarball no local data for brace-expansion@https://registry.npmjs.org/brace-expansion/-/brace-expansion-2.1.4.tgz. Extracting by manifest.
1149 silly tarball no local data for universalify@https://registry.npmjs.org/universalify/-/universalify-2.0.1.tgz. Extracting by manifest.
1150 silly tarball no local data for @electron/rebuild@https://registry.npmjs.org/@electron/rebuild/-/rebuild-4.2.0.tgz. Extracting by manifest.
1151 silly tarball no local data for universalify@https://registry.npmjs.org/universalify/-/universalify-2.0.1.tgz. Extracting by manifest.
1152 silly tarball no local data for jsonfile@https://registry.npmjs.org/jsonfile/-/jsonfile-6.2.1.tgz. Extracting by manifest.
1153 silly tarball no local data for @electron/notarize@https://registry.npmjs.org/@electron/notarize/-/notarize-2.5.0.tgz. Extracting by manifest.
1154 silly tarball no local data for fs-extra@https://registry.npmjs.org/fs-extra/-/fs-extra-10.1.0.tgz. Extracting by manifest.
1155 silly tarball no local data for jsonfile@https://registry.npmjs.org/jsonfile/-/jsonfile-6.2.1.tgz. Extracting by manifest.
1156 silly tarball no local data for @electron/fuses@https://registry.npmjs.org/@electron/fuses/-/fuses-1.8.0.tgz. Extracting by manifest.
1157 silly tarball no local data for isbinaryfile@https://registry.npmjs.org/isbinaryfile/-/isbinaryfile-4.0.10.tgz. Extracting by manifest.
1158 silly tarball no local data for fs-extra@https://registry.npmjs.org/fs-extra/-/fs-extra-9.1.0.tgz. Extracting by manifest.
1159 silly tarball no local data for @electron/asar@https://registry.npmjs.org/@electron/asar/-/asar-3.4.1.tgz. Extracting by manifest.
1160 silly tarball no local data for @electron/get@https://registry.npmjs.org/@electron/get/-/get-2.0.3.tgz. Extracting by manifest.
1161 silly tarball no local data for minimatch@https://registry.npmjs.org/minimatch/-/minimatch-3.1.5.tgz. Extracting by manifest.
1162 silly tarball no local data for jsonfile@https://registry.npmjs.org/jsonfile/-/jsonfile-6.2.1.tgz. Extracting by manifest.
1163 silly tarball no local data for universalify@https://registry.npmjs.org/universalify/-/universalify-2.0.1.tgz. Extracting by manifest.
1164 silly tarball no local data for brace-expansion@https://registry.npmjs.org/brace-expansion/-/brace-expansion-1.1.18.tgz. Extracting by manifest.
1165 silly tarball no local data for fs-extra@https://registry.npmjs.org/fs-extra/-/fs-extra-9.1.0.tgz. Extracting by manifest.
1166 silly tarball no local data for @babel/traverse@https://registry.npmjs.org/@babel/traverse/-/traverse-7.29.7.tgz. Extracting by manifest.
1167 silly tarball no local data for @babel/template@https://registry.npmjs.org/@babel/template/-/template-7.29.7.tgz. Extracting by manifest.
1168 silly tarball no local data for balanced-match@https://registry.npmjs.org/balanced-match/-/balanced-match-1.0.2.tgz. Extracting by manifest.
1169 silly tarball no local data for @babel/runtime@https://registry.npmjs.org/@babel/runtime/-/runtime-7.29.7.tgz. Extracting by manifest.
1170 silly tarball no local data for @babel/types@https://registry.npmjs.org/@babel/types/-/types-7.29.7.tgz. Extracting by manifest.
1171 silly tarball no local data for @babel/parser@https://registry.npmjs.org/@babel/parser/-/parser-7.29.7.tgz. Extracting by manifest.
1172 silly tarball no local data for @babel/plugin-transform-react-jsx-source@https://registry.npmjs.org/@babel/plugin-transform-react-jsx-source/-/plugin-transform-react-jsx-source-7.29.7.tgz. Extracting by manifest.
1173 silly tarball no local data for @babel/plugin-transform-react-jsx-self@https://registry.npmjs.org/@babel/plugin-transform-react-jsx-self/-/plugin-transform-react-jsx-self-7.29.7.tgz. Extracting by manifest.
1174 silly tarball no local data for @babel/helper-validator-option@https://registry.npmjs.org/@babel/helper-validator-option/-/helper-validator-option-7.29.7.tgz. Extracting by manifest.
1175 silly tarball no local data for @babel/helper-validator-identifier@https://registry.npmjs.org/@babel/helper-validator-identifier/-/helper-validator-identifier-7.29.7.tgz. Extracting by manifest.
1176 silly tarball no local data for @babel/helpers@https://registry.npmjs.org/@babel/helpers/-/helpers-7.29.7.tgz. Extracting by manifest.
1177 silly tarball no local data for @babel/helper-plugin-utils@https://registry.npmjs.org/@babel/helper-plugin-utils/-/helper-plugin-utils-7.29.7.tgz. Extracting by manifest.
1178 silly tarball no local data for @babel/helper-module-imports@https://registry.npmjs.org/@babel/helper-module-imports/-/helper-module-imports-7.29.7.tgz. Extracting by manifest.
1179 silly tarball no local data for @babel/helper-string-parser@https://registry.npmjs.org/@babel/helper-string-parser/-/helper-string-parser-7.29.7.tgz. Extracting by manifest.
1180 silly tarball no local data for @babel/helper-module-transforms@https://registry.npmjs.org/@babel/helper-module-transforms/-/helper-module-transforms-7.29.7.tgz. Extracting by manifest.
1181 silly tarball no local data for @babel/helper-compilation-targets@https://registry.npmjs.org/@babel/helper-compilation-targets/-/helper-compilation-targets-7.29.7.tgz. Extracting by manifest.
1182 silly tarball no local data for @babel/helper-globals@https://registry.npmjs.org/@babel/helper-globals/-/helper-globals-7.29.7.tgz. Extracting by manifest.
1183 silly tarball no local data for zwitch@https://registry.npmjs.org/zwitch/-/zwitch-2.0.4.tgz. Extracting by manifest.
1184 silly tarball no local data for @babel/generator@https://registry.npmjs.org/@babel/generator/-/generator-7.29.7.tgz. Extracting by manifest.
1185 silly tarball no local data for @babel/compat-data@https://registry.npmjs.org/@babel/compat-data/-/compat-data-7.29.7.tgz. Extracting by manifest.
1186 silly tarball no local data for yauzl@https://registry.npmjs.org/yauzl/-/yauzl-2.10.0.tgz. Extracting by manifest.
1187 silly tarball no local data for yocto-queue@https://registry.npmjs.org/yocto-queue/-/yocto-queue-0.1.0.tgz. Extracting by manifest.
1188 silly tarball no local data for @babel/code-frame@https://registry.npmjs.org/@babel/code-frame/-/code-frame-7.29.7.tgz. Extracting by manifest.
1189 silly tarball no local data for @babel/core@https://registry.npmjs.org/@babel/core/-/core-7.29.7.tgz. Extracting by manifest.
1190 silly tarball no local data for yargs-parser@https://registry.npmjs.org/yargs-parser/-/yargs-parser-21.1.1.tgz. Extracting by manifest.
1191 silly tarball no local data for yargs@https://registry.npmjs.org/yargs/-/yargs-17.7.2.tgz. Extracting by manifest.
1192 silly tarball no local data for wrappy@https://registry.npmjs.org/wrappy/-/wrappy-1.0.2.tgz. Extracting by manifest.
1193 silly tarball no local data for y18n@https://registry.npmjs.org/y18n/-/y18n-5.0.8.tgz. Extracting by manifest.
1194 silly tarball no local data for yallist@https://registry.npmjs.org/yallist/-/yallist-3.1.1.tgz. Extracting by manifest.
1195 silly tarball no local data for wrap-ansi@https://registry.npmjs.org/wrap-ansi/-/wrap-ansi-7.0.0.tgz. Extracting by manifest.
1196 silly tarball no local data for which@https://registry.npmjs.org/which/-/which-2.0.2.tgz. Extracting by manifest.
1197 silly tarball no local data for xmlbuilder@https://registry.npmjs.org/xmlbuilder/-/xmlbuilder-15.1.1.tgz. Extracting by manifest.
1198 silly tarball no local data for vite@https://registry.npmjs.org/vite/-/vite-6.4.2.tgz. Extracting by manifest.
1199 silly tarball no local data for webcrypto-core@https://registry.npmjs.org/webcrypto-core/-/webcrypto-core-1.9.2.tgz. Extracting by manifest.
1200 silly tarball no local data for util-deprecate@https://registry.npmjs.org/util-deprecate/-/util-deprecate-1.0.2.tgz. Extracting by manifest.
1201 silly tarball no local data for vfile-message@https://registry.npmjs.org/vfile-message/-/vfile-message-4.0.3.tgz. Extracting by manifest.
1202 silly tarball no local data for utf8-byte-length@https://registry.npmjs.org/utf8-byte-length/-/utf8-byte-length-1.0.5.tgz. Extracting by manifest.
1203 silly tarball no local data for update-browserslist-db@https://registry.npmjs.org/update-browserslist-db/-/update-browserslist-db-1.2.3.tgz. Extracting by manifest.
1204 silly tarball no local data for vfile@https://registry.npmjs.org/vfile/-/vfile-6.0.3.tgz. Extracting by manifest.
1205 silly tarball no local data for universalify@https://registry.npmjs.org/universalify/-/universalify-2.0.1.tgz. Extracting by manifest.
1206 silly tarball no local data for jsonfile@https://registry.npmjs.org/jsonfile/-/jsonfile-6.2.1.tgz. Extracting by manifest.
1207 silly tarball no local data for unzipper@https://registry.npmjs.org/unzipper/-/unzipper-0.12.5.tgz. Extracting by manifest.
1208 silly tarball no local data for fs-extra@https://registry.npmjs.org/fs-extra/-/fs-extra-11.3.1.tgz. Extracting by manifest.
1209 silly tarball no local data for unist-util-visit-parents@https://registry.npmjs.org/unist-util-visit-parents/-/unist-util-visit-parents-6.0.2.tgz. Extracting by manifest.
1210 silly tarball no local data for universalify@https://registry.npmjs.org/universalify/-/universalify-0.1.2.tgz. Extracting by manifest.
1211 silly tarball no local data for unist-util-position@https://registry.npmjs.org/unist-util-position/-/unist-util-position-5.0.0.tgz. Extracting by manifest.
1212 silly tarball no local data for unist-util-visit@https://registry.npmjs.org/unist-util-visit/-/unist-util-visit-5.1.0.tgz. Extracting by manifest.
1213 silly tarball no local data for unified@https://registry.npmjs.org/unified/-/unified-11.0.5.tgz. Extracting by manifest.
1214 silly tarball no local data for unist-util-is@https://registry.npmjs.org/unist-util-is/-/unist-util-is-6.0.1.tgz. Extracting by manifest.
1215 silly tarball no local data for unist-util-stringify-position@https://registry.npmjs.org/unist-util-stringify-position/-/unist-util-stringify-position-4.0.0.tgz. Extracting by manifest.
1216 silly tarball no local data for typescript@https://registry.npmjs.org/typescript/-/typescript-6.0.3.tgz. Extracting by manifest.
1217 silly tarball no local data for undici-types@https://registry.npmjs.org/undici-types/-/undici-types-7.18.2.tgz. Extracting by manifest.
1218 silly tarball no local data for undici@https://registry.npmjs.org/undici/-/undici-6.28.0.tgz. Extracting by manifest.
1219 silly tarball no local data for tslib@https://registry.npmjs.org/tslib/-/tslib-2.8.1.tgz. Extracting by manifest.
1220 silly tarball no local data for type-fest@https://registry.npmjs.org/type-fest/-/type-fest-0.13.1.tgz. Extracting by manifest.
1221 silly tarball no local data for trim-lines@https://registry.npmjs.org/trim-lines/-/trim-lines-3.0.1.tgz. Extracting by manifest.
1222 silly tarball no local data for truncate-utf8-bytes@https://registry.npmjs.org/truncate-utf8-bytes/-/truncate-utf8-bytes-1.0.2.tgz. Extracting by manifest.
1223 silly tarball no local data for trough@https://registry.npmjs.org/trough/-/trough-2.2.0.tgz. Extracting by manifest.
1224 silly tarball no local data for tmp@https://registry.npmjs.org/tmp/-/tmp-0.2.7.tgz. Extracting by manifest.
1225 silly tarball no local data for tmp-promise@https://registry.npmjs.org/tmp-promise/-/tmp-promise-3.0.3.tgz. Extracting by manifest.
1226 silly tarball no local data for universalify@https://registry.npmjs.org/universalify/-/universalify-2.0.1.tgz. Extracting by manifest.
1227 silly tarball no local data for semver@https://registry.npmjs.org/semver/-/semver-5.7.2.tgz. Extracting by manifest.
1228 silly tarball no local data for tinyglobby@https://registry.npmjs.org/tinyglobby/-/tinyglobby-0.2.17.tgz. Extracting by manifest.
1229 silly tarball no local data for temp-file@https://registry.npmjs.org/temp-file/-/temp-file-3.4.0.tgz. Extracting by manifest.
1230 silly tarball no local data for tiny-async-pool@https://registry.npmjs.org/tiny-async-pool/-/tiny-async-pool-1.3.0.tgz. Extracting by manifest.
1231 silly tarball no local data for jsonfile@https://registry.npmjs.org/jsonfile/-/jsonfile-6.2.1.tgz. Extracting by manifest.
1232 silly tarball no local data for fs-extra@https://registry.npmjs.org/fs-extra/-/fs-extra-10.1.0.tgz. Extracting by manifest.
1233 silly tarball no local data for tar@https://registry.npmjs.org/tar/-/tar-7.5.22.tgz. Extracting by manifest.
1234 silly tarball no local data for yallist@https://registry.npmjs.org/yallist/-/yallist-5.0.0.tgz. Extracting by manifest.
1235 silly tarball no local data for stylis@https://registry.npmjs.org/stylis/-/stylis-4.4.0.tgz. Extracting by manifest.
1236 silly tarball no local data for temp@https://registry.npmjs.org/temp/-/temp-0.9.4.tgz. Extracting by manifest.
1237 silly tarball no local data for sumchecker@https://registry.npmjs.org/sumchecker/-/sumchecker-3.0.1.tgz. Extracting by manifest.
1238 silly tarball no local data for style-to-js@https://registry.npmjs.org/style-to-js/-/style-to-js-1.1.21.tgz. Extracting by manifest.
1239 silly tarball no local data for style-to-object@https://registry.npmjs.org/style-to-object/-/style-to-object-1.0.14.tgz. Extracting by manifest.
1240 silly tarball no local data for stringify-entities@https://registry.npmjs.org/stringify-entities/-/stringify-entities-4.0.4.tgz. Extracting by manifest.
1241 silly tarball no local data for strip-ansi@https://registry.npmjs.org/strip-ansi/-/strip-ansi-6.0.1.tgz. Extracting by manifest.
1242 silly tarball no local data for string_decoder@https://registry.npmjs.org/string_decoder/-/string_decoder-1.1.1.tgz. Extracting by manifest.
1243 silly tarball no local data for string-width@https://registry.npmjs.org/string-width/-/string-width-4.2.3.tgz. Extracting by manifest.
1244 silly tarball no local data for sprintf-js@https://registry.npmjs.org/sprintf-js/-/sprintf-js-1.1.3.tgz. Extracting by manifest.
1245 silly tarball no local data for stat-mode@https://registry.npmjs.org/stat-mode/-/stat-mode-1.0.0.tgz. Extracting by manifest.
1246 silly tarball no local data for source-map-support@https://registry.npmjs.org/source-map-support/-/source-map-support-0.5.21.tgz. Extracting by manifest.
1247 silly tarball no local data for semver@https://registry.npmjs.org/semver/-/semver-7.8.5.tgz. Extracting by manifest.
1248 silly tarball no local data for source-map-js@https://registry.npmjs.org/source-map-js/-/source-map-js-1.2.1.tgz. Extracting by manifest.
1249 silly tarball no local data for source-map@https://registry.npmjs.org/source-map/-/source-map-0.6.1.tgz. Extracting by manifest.
1250 silly tarball no local data for simple-update-notifier@https://registry.npmjs.org/simple-update-notifier/-/simple-update-notifier-2.0.0.tgz. Extracting by manifest.
1251 silly tarball no local data for space-separated-tokens@https://registry.npmjs.org/space-separated-tokens/-/space-separated-tokens-2.0.2.tgz. Extracting by manifest.
1252 silly tarball no local data for signal-exit@https://registry.npmjs.org/signal-exit/-/signal-exit-3.0.7.tgz. Extracting by manifest.
1253 silly tarball no local data for shebang-regex@https://registry.npmjs.org/shebang-regex/-/shebang-regex-3.0.0.tgz. Extracting by manifest.
1254 silly tarball no local data for shebang-command@https://registry.npmjs.org/shebang-command/-/shebang-command-2.0.0.tgz. Extracting by manifest.
1255 silly tarball no local data for semver-compare@https://registry.npmjs.org/semver-compare/-/semver-compare-1.0.0.tgz. Extracting by manifest.
1256 silly tarball no local data for serialize-error@https://registry.npmjs.org/serialize-error/-/serialize-error-7.0.1.tgz. Extracting by manifest.
1257 silly tarball no local data for scheduler@https://registry.npmjs.org/scheduler/-/scheduler-0.27.0.tgz. Extracting by manifest.
1258 silly tarball no local data for sax@https://registry.npmjs.org/sax/-/sax-1.6.1.tgz. Extracting by manifest.
1259 silly tarball no local data for semver@https://registry.npmjs.org/semver/-/semver-6.3.1.tgz. Extracting by manifest.
1260 silly tarball no local data for rtl-css-js@https://registry.npmjs.org/rtl-css-js/-/rtl-css-js-1.16.1.tgz. Extracting by manifest.
1261 silly tarball no local data for safe-buffer@https://registry.npmjs.org/safe-buffer/-/safe-buffer-5.1.2.tgz. Extracting by manifest.
1262 silly tarball no local data for sanitize-filename@https://registry.npmjs.org/sanitize-filename/-/sanitize-filename-1.6.4.tgz. Extracting by manifest.
1263 silly tarball no local data for roarr@https://registry.npmjs.org/roarr/-/roarr-2.15.4.tgz. Extracting by manifest.
1264 silly tarball no local data for rollup@https://registry.npmjs.org/rollup/-/rollup-4.62.2.tgz. Extracting by manifest.
1265 silly tarball no local data for responselike@https://registry.npmjs.org/responselike/-/responselike-2.0.1.tgz. Extracting by manifest.
1266 silly tarball no local data for rimraf@https://registry.npmjs.org/rimraf/-/rimraf-2.6.3.tgz. Extracting by manifest.
1267 silly tarball no local data for resedit@https://registry.npmjs.org/resedit/-/resedit-1.7.2.tgz. Extracting by manifest.
1268 silly tarball no local data for resolve-alpn@https://registry.npmjs.org/resolve-alpn/-/resolve-alpn-1.2.1.tgz. Extracting by manifest.
1269 silly tarball no local data for retry@https://registry.npmjs.org/retry/-/retry-0.12.0.tgz. Extracting by manifest.
1270 silly tarball no local data for require-from-string@https://registry.npmjs.org/require-from-string/-/require-from-string-2.0.2.tgz. Extracting by manifest.
1271 silly tarball no local data for require-directory@https://registry.npmjs.org/require-directory/-/require-directory-2.1.1.tgz. Extracting by manifest.
1272 silly tarball no local data for remark-gfm@https://registry.npmjs.org/remark-gfm/-/remark-gfm-4.0.1.tgz. Extracting by manifest.
1273 silly tarball no local data for remark-rehype@https://registry.npmjs.org/remark-rehype/-/remark-rehype-11.1.2.tgz. Extracting by manifest.
1274 silly tarball no local data for remark-stringify@https://registry.npmjs.org/remark-stringify/-/remark-stringify-11.0.0.tgz. Extracting by manifest.
1275 silly tarball no local data for remark-parse@https://registry.npmjs.org/remark-parse/-/remark-parse-11.0.0.tgz. Extracting by manifest.
1276 silly tarball no local data for readable-stream@https://registry.npmjs.org/readable-stream/-/readable-stream-2.3.8.tgz. Extracting by manifest.
1277 silly tarball no local data for read-binary-file-arch@https://registry.npmjs.org/read-binary-file-arch/-/read-binary-file-arch-1.0.6.tgz. Extracting by manifest.
1278 silly tarball no local data for react-dom@https://registry.npmjs.org/react-dom/-/react-dom-19.2.0.tgz. Extracting by manifest.
1279 silly tarball no local data for react-refresh@https://registry.npmjs.org/react-refresh/-/react-refresh-0.17.0.tgz. Extracting by manifest.
1280 silly tarball no local data for react-markdown@https://registry.npmjs.org/react-markdown/-/react-markdown-10.1.0.tgz. Extracting by manifest.
1281 silly tarball no local data for quick-lru@https://registry.npmjs.org/quick-lru/-/quick-lru-5.1.1.tgz. Extracting by manifest.
1282 silly tarball no local data for react@https://registry.npmjs.org/react/-/react-19.2.0.tgz. Extracting by manifest.
1283 silly tarball no local data for pump@https://registry.npmjs.org/pump/-/pump-3.0.4.tgz. Extracting by manifest.
1284 silly tarball no local data for pvtsutils@https://registry.npmjs.org/pvtsutils/-/pvtsutils-1.3.6.tgz. Extracting by manifest.
1285 silly tarball no local data for promise-retry@https://registry.npmjs.org/promise-retry/-/promise-retry-2.0.1.tgz. Extracting by manifest.
1286 silly tarball no local data for property-information@https://registry.npmjs.org/property-information/-/property-information-7.2.0.tgz. Extracting by manifest.
1287 silly tarball no local data for pvutils@https://registry.npmjs.org/pvutils/-/pvutils-1.2.0.tgz. Extracting by manifest.
1288 silly tarball no local data for progress@https://registry.npmjs.org/progress/-/progress-2.0.3.tgz. Extracting by manifest.
1289 silly tarball no local data for proper-lockfile@https://registry.npmjs.org/proper-lockfile/-/proper-lockfile-4.1.2.tgz. Extracting by manifest.
1290 silly tarball no local data for process-nextick-args@https://registry.npmjs.org/process-nextick-args/-/process-nextick-args-2.0.1.tgz. Extracting by manifest.
1291 silly tarball no local data for proc-log@https://registry.npmjs.org/proc-log/-/proc-log-6.1.0.tgz. Extracting by manifest.
1292 silly tarball no local data for plist@https://registry.npmjs.org/plist/-/plist-3.1.0.tgz. Extracting by manifest.
1293 silly tarball no local data for commander@https://registry.npmjs.org/commander/-/commander-9.5.0.tgz. Extracting by manifest.
1294 silly tarball no local data for postcss@https://registry.npmjs.org/postcss/-/postcss-8.5.16.tgz. Extracting by manifest.
1295 silly tarball no local data for postject@https://registry.npmjs.org/postject/-/postject-1.0.0-alpha.6.tgz. Extracting by manifest.
1296 silly tarball no local data for @noble/hashes@https://registry.npmjs.org/@noble/hashes/-/hashes-1.4.0.tgz. Extracting by manifest.
1297 silly tarball no local data for pkijs@https://registry.npmjs.org/pkijs/-/pkijs-3.4.0.tgz. Extracting by manifest.
1298 silly tarball no local data for picomatch@https://registry.npmjs.org/picomatch/-/picomatch-4.0.5.tgz. Extracting by manifest.
1299 silly tarball no local data for playwright-core@https://registry.npmjs.org/playwright-core/-/playwright-core-1.62.1.tgz. Extracting by manifest.
1300 silly tarball no local data for playwright@https://registry.npmjs.org/playwright/-/playwright-1.62.1.tgz. Extracting by manifest.
1301 silly tarball no local data for pe-library@https://registry.npmjs.org/pe-library/-/pe-library-0.4.1.tgz. Extracting by manifest.
1302 silly tarball no local data for picocolors@https://registry.npmjs.org/picocolors/-/picocolors-1.1.1.tgz. Extracting by manifest.
1303 silly tarball no local data for @types/unist@https://registry.npmjs.org/@types/unist/-/unist-2.0.11.tgz. Extracting by manifest.
1304 silly tarball no local data for path-key@https://registry.npmjs.org/path-key/-/path-key-3.1.1.tgz. Extracting by manifest.
1305 silly tarball no local data for pend@https://registry.npmjs.org/pend/-/pend-1.2.0.tgz. Extracting by manifest.
1306 silly tarball no local data for path-is-absolute@https://registry.npmjs.org/path-is-absolute/-/path-is-absolute-1.0.1.tgz. Extracting by manifest.
1307 silly tarball no local data for p-limit@https://registry.npmjs.org/p-limit/-/p-limit-3.1.0.tgz. Extracting by manifest.
1308 silly tarball no local data for parse-entities@https://registry.npmjs.org/parse-entities/-/parse-entities-4.0.2.tgz. Extracting by manifest.
1309 silly tarball no local data for object-keys@https://registry.npmjs.org/object-keys/-/object-keys-1.1.1.tgz. Extracting by manifest.
1310 silly tarball no local data for once@https://registry.npmjs.org/once/-/once-1.4.0.tgz. Extracting by manifest.
1311 silly tarball no local data for p-cancelable@https://registry.npmjs.org/p-cancelable/-/p-cancelable-2.1.1.tgz. Extracting by manifest.
1312 silly tarball no local data for nopt@https://registry.npmjs.org/nopt/-/nopt-9.0.0.tgz. Extracting by manifest.
1313 silly tarball no local data for normalize-url@https://registry.npmjs.org/normalize-url/-/normalize-url-6.1.0.tgz. Extracting by manifest.
1314 silly tarball no local data for node-releases@https://registry.npmjs.org/node-releases/-/node-releases-2.0.50.tgz. Extracting by manifest.
1315 silly tarball no local data for which@https://registry.npmjs.org/which/-/which-6.0.1.tgz. Extracting by manifest.
1316 silly tarball no local data for semver@https://registry.npmjs.org/semver/-/semver-7.8.5.tgz. Extracting by manifest.
1317 silly tarball no local data for node-gyp@https://registry.npmjs.org/node-gyp/-/node-gyp-12.4.0.tgz. Extracting by manifest.
1318 silly tarball no local data for node-int64@https://registry.npmjs.org/node-int64/-/node-int64-0.4.0.tgz. Extracting by manifest.
1319 silly tarball no local data for isexe@https://registry.npmjs.org/isexe/-/isexe-4.0.0.tgz. Extracting by manifest.
1320 silly tarball no local data for node-api-version@https://registry.npmjs.org/node-api-version/-/node-api-version-0.2.1.tgz. Extracting by manifest.
1321 silly tarball no local data for semver@https://registry.npmjs.org/semver/-/semver-7.8.5.tgz. Extracting by manifest.
1322 silly tarball no local data for nanoid@https://registry.npmjs.org/nanoid/-/nanoid-3.3.15.tgz. Extracting by manifest.
1323 silly tarball no local data for node-abi@https://registry.npmjs.org/node-abi/-/node-abi-4.33.0.tgz. Extracting by manifest.
1324 silly tarball no local data for semver@https://registry.npmjs.org/semver/-/semver-7.8.5.tgz. Extracting by manifest.
1325 silly tarball no local data for mkdirp@https://registry.npmjs.org/mkdirp/-/mkdirp-0.5.6.tgz. Extracting by manifest.
1326 silly tarball no local data for ms@https://registry.npmjs.org/ms/-/ms-2.1.3.tgz. Extracting by manifest.
1327 silly tarball no local data for minizlib@https://registry.npmjs.org/minizlib/-/minizlib-3.1.0.tgz. Extracting by manifest.
1328 silly tarball no local data for minimatch@https://registry.npmjs.org/minimatch/-/minimatch-10.2.6.tgz. Extracting by manifest.
1329 silly tarball no local data for minipass@https://registry.npmjs.org/minipass/-/minipass-7.1.3.tgz. Extracting by manifest.
1330 silly tarball no local data for mime-db@https://registry.npmjs.org/mime-db/-/mime-db-1.52.0.tgz. Extracting by manifest.
1331 silly tarball no local data for minimist@https://registry.npmjs.org/minimist/-/minimist-1.2.8.tgz. Extracting by manifest.
1332 silly tarball no local data for mimic-response@https://registry.npmjs.org/mimic-response/-/mimic-response-1.0.1.tgz. Extracting by manifest.
1333 silly tarball no local data for micromark-util-subtokenize@https://registry.npmjs.org/micromark-util-subtokenize/-/micromark-util-subtokenize-2.1.0.tgz. Extracting by manifest.
1334 silly tarball no local data for mime@https://registry.npmjs.org/mime/-/mime-2.6.0.tgz. Extracting by manifest.
1335 silly tarball no local data for micromark-util-types@https://registry.npmjs.org/micromark-util-types/-/micromark-util-types-2.0.2.tgz. Extracting by manifest.
1336 silly tarball no local data for mime-types@https://registry.npmjs.org/mime-types/-/mime-types-2.1.35.tgz. Extracting by manifest.
1337 silly tarball no local data for micromark-util-sanitize-uri@https://registry.npmjs.org/micromark-util-sanitize-uri/-/micromark-util-sanitize-uri-2.0.1.tgz. Extracting by manifest.
1338 silly tarball no local data for micromark-util-symbol@https://registry.npmjs.org/micromark-util-symbol/-/micromark-util-symbol-2.0.1.tgz. Extracting by manifest.
1339 silly tarball no local data for micromark-util-resolve-all@https://registry.npmjs.org/micromark-util-resolve-all/-/micromark-util-resolve-all-2.0.1.tgz. Extracting by manifest.
1340 silly tarball no local data for micromark-util-normalize-identifier@https://registry.npmjs.org/micromark-util-normalize-identifier/-/micromark-util-normalize-identifier-2.0.1.tgz. Extracting by manifest.
1341 silly tarball no local data for micromark-util-html-tag-name@https://registry.npmjs.org/micromark-util-html-tag-name/-/micromark-util-html-tag-name-2.0.1.tgz. Extracting by manifest.
1342 silly tarball no local data for micromark-util-encode@https://registry.npmjs.org/micromark-util-encode/-/micromark-util-encode-2.0.1.tgz. Extracting by manifest.
1343 silly tarball no local data for micromark-util-decode-string@https://registry.npmjs.org/micromark-util-decode-string/-/micromark-util-decode-string-2.0.1.tgz. Extracting by manifest.
1344 silly tarball no local data for micromark-util-decode-numeric-character-reference@https://registry.npmjs.org/micromark-util-decode-numeric-character-reference/-/micromark-util-decode-numeric-character-reference-2.0.2.tgz. Extracting by manifest.
1345 silly tarball no local data for micromark-util-combine-extensions@https://registry.npmjs.org/micromark-util-combine-extensions/-/micromark-util-combine-extensions-2.0.1.tgz. Extracting by manifest.
1346 silly tarball no local data for micromark-util-classify-character@https://registry.npmjs.org/micromark-util-classify-character/-/micromark-util-classify-character-2.0.1.tgz. Extracting by manifest.
1347 silly tarball no local data for micromark-util-character@https://registry.npmjs.org/micromark-util-character/-/micromark-util-character-2.1.1.tgz. Extracting by manifest.
1348 silly tarball no local data for micromark-factory-whitespace@https://registry.npmjs.org/micromark-factory-whitespace/-/micromark-factory-whitespace-2.0.1.tgz. Extracting by manifest.
1349 silly tarball no local data for micromark-util-chunked@https://registry.npmjs.org/micromark-util-chunked/-/micromark-util-chunked-2.0.1.tgz. Extracting by manifest.
1350 silly tarball no local data for micromark-factory-label@https://registry.npmjs.org/micromark-factory-label/-/micromark-factory-label-2.0.1.tgz. Extracting by manifest.
1351 silly tarball no local data for micromark-factory-space@https://registry.npmjs.org/micromark-factory-space/-/micromark-factory-space-2.0.1.tgz. Extracting by manifest.
1352 silly tarball no local data for micromark-factory-title@https://registry.npmjs.org/micromark-factory-title/-/micromark-factory-title-2.0.1.tgz. Extracting by manifest.
1353 silly tarball no local data for micromark-factory-destination@https://registry.npmjs.org/micromark-factory-destination/-/micromark-factory-destination-2.0.1.tgz. Extracting by manifest.
1354 silly tarball no local data for micromark-extension-gfm-task-list-item@https://registry.npmjs.org/micromark-extension-gfm-task-list-item/-/micromark-extension-gfm-task-list-item-2.1.0.tgz. Extracting by manifest.
1355 silly tarball no local data for micromark-extension-gfm-table@https://registry.npmjs.org/micromark-extension-gfm-table/-/micromark-extension-gfm-table-2.1.1.tgz. Extracting by manifest.
1356 silly tarball no local data for micromark-extension-gfm-tagfilter@https://registry.npmjs.org/micromark-extension-gfm-tagfilter/-/micromark-extension-gfm-tagfilter-2.0.0.tgz. Extracting by manifest.
1357 silly tarball no local data for micromark-extension-gfm-autolink-literal@https://registry.npmjs.org/micromark-extension-gfm-autolink-literal/-/micromark-extension-gfm-autolink-literal-2.1.0.tgz. Extracting by manifest.
1358 silly tarball no local data for micromark-extension-gfm-footnote@https://registry.npmjs.org/micromark-extension-gfm-footnote/-/micromark-extension-gfm-footnote-2.1.0.tgz. Extracting by manifest.
1359 silly tarball no local data for micromark-extension-gfm-strikethrough@https://registry.npmjs.org/micromark-extension-gfm-strikethrough/-/micromark-extension-gfm-strikethrough-2.1.0.tgz. Extracting by manifest.
1360 silly tarball no local data for micromark-core-commonmark@https://registry.npmjs.org/micromark-core-commonmark/-/micromark-core-commonmark-2.0.3.tgz. Extracting by manifest.
1361 silly tarball no local data for micromark@https://registry.npmjs.org/micromark/-/micromark-4.0.2.tgz. Extracting by manifest.
1362 silly tarball no local data for micromark-extension-gfm@https://registry.npmjs.org/micromark-extension-gfm/-/micromark-extension-gfm-3.0.0.tgz. Extracting by manifest.
1363 silly tarball no local data for mdast-util-to-markdown@https://registry.npmjs.org/mdast-util-to-markdown/-/mdast-util-to-markdown-2.1.2.tgz. Extracting by manifest.
1364 silly tarball no local data for mdast-util-to-string@https://registry.npmjs.org/mdast-util-to-string/-/mdast-util-to-string-4.0.0.tgz. Extracting by manifest.
1365 silly tarball no local data for mdast-util-to-hast@https://registry.npmjs.org/mdast-util-to-hast/-/mdast-util-to-hast-13.2.1.tgz. Extracting by manifest.
1366 silly tarball no local data for mdast-util-phrasing@https://registry.npmjs.org/mdast-util-phrasing/-/mdast-util-phrasing-4.1.0.tgz. Extracting by manifest.
1367 silly tarball no local data for mdast-util-mdxjs-esm@https://registry.npmjs.org/mdast-util-mdxjs-esm/-/mdast-util-mdxjs-esm-2.0.1.tgz. Extracting by manifest.
1368 silly tarball no local data for mdast-util-gfm-task-list-item@https://registry.npmjs.org/mdast-util-gfm-task-list-item/-/mdast-util-gfm-task-list-item-2.0.0.tgz. Extracting by manifest.
1369 silly tarball no local data for mdast-util-mdx-expression@https://registry.npmjs.org/mdast-util-mdx-expression/-/mdast-util-mdx-expression-2.0.1.tgz. Extracting by manifest.
1370 silly tarball no local data for mdast-util-mdx-jsx@https://registry.npmjs.org/mdast-util-mdx-jsx/-/mdast-util-mdx-jsx-3.2.0.tgz. Extracting by manifest.
1371 silly tarball no local data for mdast-util-gfm-table@https://registry.npmjs.org/mdast-util-gfm-table/-/mdast-util-gfm-table-2.0.0.tgz. Extracting by manifest.
1372 silly tarball no local data for mdast-util-gfm-footnote@https://registry.npmjs.org/mdast-util-gfm-footnote/-/mdast-util-gfm-footnote-2.1.0.tgz. Extracting by manifest.
1373 silly tarball no local data for mdast-util-gfm-strikethrough@https://registry.npmjs.org/mdast-util-gfm-strikethrough/-/mdast-util-gfm-strikethrough-2.0.0.tgz. Extracting by manifest.
1374 silly tarball no local data for mdast-util-gfm@https://registry.npmjs.org/mdast-util-gfm/-/mdast-util-gfm-3.1.0.tgz. Extracting by manifest.
1375 silly tarball no local data for mdast-util-gfm-autolink-literal@https://registry.npmjs.org/mdast-util-gfm-autolink-literal/-/mdast-util-gfm-autolink-literal-2.0.1.tgz. Extracting by manifest.
1376 silly tarball no local data for mdast-util-from-markdown@https://registry.npmjs.org/mdast-util-from-markdown/-/mdast-util-from-markdown-2.0.3.tgz. Extracting by manifest.
1377 silly tarball no local data for escape-string-regexp@https://registry.npmjs.org/escape-string-regexp/-/escape-string-regexp-5.0.0.tgz. Extracting by manifest.
1378 silly tarball no local data for mdast-util-find-and-replace@https://registry.npmjs.org/mdast-util-find-and-replace/-/mdast-util-find-and-replace-3.0.2.tgz. Extracting by manifest.
1379 silly tarball no local data for markdown-table@https://registry.npmjs.org/markdown-table/-/markdown-table-3.0.4.tgz. Extracting by manifest.
1380 silly tarball no local data for math-intrinsics@https://registry.npmjs.org/math-intrinsics/-/math-intrinsics-1.1.0.tgz. Extracting by manifest.
1381 silly tarball no local data for matcher@https://registry.npmjs.org/matcher/-/matcher-3.0.0.tgz. Extracting by manifest.
1382 silly tarball no local data for lowercase-keys@https://registry.npmjs.org/lowercase-keys/-/lowercase-keys-2.0.0.tgz. Extracting by manifest.
1383 silly tarball no local data for longest-streak@https://registry.npmjs.org/longest-streak/-/longest-streak-3.1.0.tgz. Extracting by manifest.
1384 silly tarball no local data for lodash@https://registry.npmjs.org/lodash/-/lodash-4.18.1.tgz. Extracting by manifest.
1385 silly tarball no local data for lru-cache@https://registry.npmjs.org/lru-cache/-/lru-cache-5.1.1.tgz. Extracting by manifest.
1386 silly tarball no local data for keyv@https://registry.npmjs.org/keyv/-/keyv-4.5.4.tgz. Extracting by manifest.
1387 silly tarball no local data for lazy-val@https://registry.npmjs.org/lazy-val/-/lazy-val-1.0.5.tgz. Extracting by manifest.
1388 silly tarball no local data for jsonfile@https://registry.npmjs.org/jsonfile/-/jsonfile-4.0.0.tgz. Extracting by manifest.
1389 silly tarball no local data for json5@https://registry.npmjs.org/json5/-/json5-2.2.3.tgz. Extracting by manifest.
1390 silly tarball no local data for json-stringify-safe@https://registry.npmjs.org/json-stringify-safe/-/json-stringify-safe-5.0.1.tgz. Extracting by manifest.
1391 silly tarball no local data for json-buffer@https://registry.npmjs.org/json-buffer/-/json-buffer-3.0.1.tgz. Extracting by manifest.
1392 silly tarball no local data for jsesc@https://registry.npmjs.org/jsesc/-/jsesc-3.1.0.tgz. Extracting by manifest.
1393 silly tarball no local data for js-yaml@https://registry.npmjs.org/js-yaml/-/js-yaml-4.3.1.tgz. Extracting by manifest.
1394 silly tarball no local data for json-schema-traverse@https://registry.npmjs.org/json-schema-traverse/-/json-schema-traverse-1.0.0.tgz. Extracting by manifest.
1395 silly tarball no local data for jiti@https://registry.npmjs.org/jiti/-/jiti-2.7.0.tgz. Extracting by manifest.
1396 silly tarball no local data for js-tokens@https://registry.npmjs.org/js-tokens/-/js-tokens-4.0.0.tgz. Extracting by manifest.
1397 silly tarball no local data for isexe@https://registry.npmjs.org/isexe/-/isexe-2.0.0.tgz. Extracting by manifest.
1398 silly tarball no local data for isbinaryfile@https://registry.npmjs.org/isbinaryfile/-/isbinaryfile-5.0.7.tgz. Extracting by manifest.
1399 silly tarball no local data for jake@https://registry.npmjs.org/jake/-/jake-10.9.4.tgz. Extracting by manifest.
1400 silly tarball no local data for isarray@https://registry.npmjs.org/isarray/-/isarray-1.0.0.tgz. Extracting by manifest.
1401 silly tarball no local data for is-plain-obj@https://registry.npmjs.org/is-plain-obj/-/is-plain-obj-4.1.0.tgz. Extracting by manifest.
1402 silly tarball no local data for is-alphanumerical@https://registry.npmjs.org/is-alphanumerical/-/is-alphanumerical-2.0.1.tgz. Extracting by manifest.
1403 silly tarball no local data for is-hexadecimal@https://registry.npmjs.org/is-hexadecimal/-/is-hexadecimal-2.0.1.tgz. Extracting by manifest.
1404 silly tarball no local data for is-decimal@https://registry.npmjs.org/is-decimal/-/is-decimal-2.0.1.tgz. Extracting by manifest.
1405 silly tarball no local data for is-fullwidth-code-point@https://registry.npmjs.org/is-fullwidth-code-point/-/is-fullwidth-code-point-3.0.0.tgz. Extracting by manifest.
1406 silly tarball no local data for is-alphabetical@https://registry.npmjs.org/is-alphabetical/-/is-alphabetical-2.0.1.tgz. Extracting by manifest.
1407 silly tarball no local data for https-proxy-agent@https://registry.npmjs.org/https-proxy-agent/-/https-proxy-agent-7.0.6.tgz. Extracting by manifest.
1408 silly tarball no local data for inherits@https://registry.npmjs.org/inherits/-/inherits-2.0.4.tgz. Extracting by manifest.
1409 silly tarball no local data for inline-style-parser@https://registry.npmjs.org/inline-style-parser/-/inline-style-parser-0.2.7.tgz. Extracting by manifest.
1410 silly tarball no local data for inflight@https://registry.npmjs.org/inflight/-/inflight-1.0.6.tgz. Extracting by manifest.
1411 silly tarball no local data for http-proxy-agent@https://registry.npmjs.org/http-proxy-agent/-/http-proxy-agent-7.0.2.tgz. Extracting by manifest.
1412 silly tarball no local data for http-cache-semantics@https://registry.npmjs.org/http-cache-semantics/-/http-cache-semantics-4.2.0.tgz. Extracting by manifest.
1413 silly tarball no local data for html-url-attributes@https://registry.npmjs.org/html-url-attributes/-/html-url-attributes-3.0.1.tgz. Extracting by manifest.
1414 silly tarball no local data for yallist@https://registry.npmjs.org/yallist/-/yallist-4.0.0.tgz. Extracting by manifest.
1415 silly tarball no local data for hosted-git-info@https://registry.npmjs.org/hosted-git-info/-/hosted-git-info-4.1.0.tgz. Extracting by manifest.
1416 silly tarball no local data for http2-wrapper@https://registry.npmjs.org/http2-wrapper/-/http2-wrapper-1.0.3.tgz. Extracting by manifest.
1417 silly tarball no local data for hast-util-whitespace@https://registry.npmjs.org/hast-util-whitespace/-/hast-util-whitespace-3.0.0.tgz. Extracting by manifest.
1418 silly tarball no local data for lru-cache@https://registry.npmjs.org/lru-cache/-/lru-cache-6.0.0.tgz. Extracting by manifest.
1419 silly tarball no local data for hast-util-to-jsx-runtime@https://registry.npmjs.org/hast-util-to-jsx-runtime/-/hast-util-to-jsx-runtime-2.3.6.tgz. Extracting by manifest.
1420 silly tarball no local data for has-tostringtag@https://registry.npmjs.org/has-tostringtag/-/has-tostringtag-1.0.2.tgz. Extracting by manifest.
1421 silly tarball no local data for graceful-fs@https://registry.npmjs.org/graceful-fs/-/graceful-fs-4.2.11.tgz. Extracting by manifest.
1422 silly tarball no local data for has-flag@https://registry.npmjs.org/has-flag/-/has-flag-4.0.0.tgz. Extracting by manifest.
1423 silly tarball no local data for hasown@https://registry.npmjs.org/hasown/-/hasown-2.0.4.tgz. Extracting by manifest.
1424 silly tarball no local data for has-symbols@https://registry.npmjs.org/has-symbols/-/has-symbols-1.1.0.tgz. Extracting by manifest.
1425 silly tarball no local data for has-property-descriptors@https://registry.npmjs.org/has-property-descriptors/-/has-property-descriptors-1.0.2.tgz. Extracting by manifest.
1426 silly tarball no local data for got@https://registry.npmjs.org/got/-/got-11.8.6.tgz. Extracting by manifest.
1427 silly tarball no local data for global-agent@https://registry.npmjs.org/global-agent/-/global-agent-3.0.0.tgz. Extracting by manifest.
1428 silly tarball no local data for gopd@https://registry.npmjs.org/gopd/-/gopd-1.2.0.tgz. Extracting by manifest.
1429 silly tarball no local data for semver@https://registry.npmjs.org/semver/-/semver-7.8.5.tgz. Extracting by manifest.
1430 silly tarball no local data for glob@https://registry.npmjs.org/glob/-/glob-7.2.3.tgz. Extracting by manifest.
1431 silly tarball no local data for globalthis@https://registry.npmjs.org/globalthis/-/globalthis-1.0.4.tgz. Extracting by manifest.
1432 silly tarball no local data for balanced-match@https://registry.npmjs.org/balanced-match/-/balanced-match-1.0.2.tgz. Extracting by manifest.
1433 silly tarball no local data for minimatch@https://registry.npmjs.org/minimatch/-/minimatch-3.1.5.tgz. Extracting by manifest.
1434 silly tarball no local data for brace-expansion@https://registry.npmjs.org/brace-expansion/-/brace-expansion-1.1.18.tgz. Extracting by manifest.
1435 silly tarball no local data for get-stream@https://registry.npmjs.org/get-stream/-/get-stream-5.2.0.tgz. Extracting by manifest.
1436 silly tarball no local data for get-proto@https://registry.npmjs.org/get-proto/-/get-proto-1.0.1.tgz. Extracting by manifest.
1437 silly tarball no local data for get-caller-file@https://registry.npmjs.org/get-caller-file/-/get-caller-file-2.0.5.tgz. Extracting by manifest.
1438 silly tarball no local data for get-intrinsic@https://registry.npmjs.org/get-intrinsic/-/get-intrinsic-1.3.0.tgz. Extracting by manifest.
1439 silly tarball no local data for minimatch@https://registry.npmjs.org/minimatch/-/minimatch-5.1.9.tgz. Extracting by manifest.
1440 silly tarball no local data for function-bind@https://registry.npmjs.org/function-bind/-/function-bind-1.1.2.tgz. Extracting by manifest.
1441 silly tarball no local data for gensync@https://registry.npmjs.org/gensync/-/gensync-1.0.0-beta.2.tgz. Extracting by manifest.
1442 silly tarball no local data for fs-extra@https://registry.npmjs.org/fs-extra/-/fs-extra-8.1.0.tgz. Extracting by manifest.
1443 silly tarball no local data for filelist@https://registry.npmjs.org/filelist/-/filelist-1.0.6.tgz. Extracting by manifest.
1444 silly tarball no local data for fs.realpath@https://registry.npmjs.org/fs.realpath/-/fs.realpath-1.0.0.tgz. Extracting by manifest.
1445 silly tarball no local data for balanced-match@https://registry.npmjs.org/balanced-match/-/balanced-match-1.0.2.tgz. Extracting by manifest.
1446 silly tarball no local data for form-data@https://registry.npmjs.org/form-data/-/form-data-4.0.6.tgz. Extracting by manifest.
1447 silly tarball no local data for brace-expansion@https://registry.npmjs.org/brace-expansion/-/brace-expansion-2.1.4.tgz. Extracting by manifest.
1448 silly tarball no local data for fdir@https://registry.npmjs.org/fdir/-/fdir-6.5.0.tgz. Extracting by manifest.
1449 silly tarball no local data for fd-slicer@https://registry.npmjs.org/fd-slicer/-/fd-slicer-1.1.0.tgz. Extracting by manifest.
1450 silly tarball no local data for fast-uri@https://registry.npmjs.org/fast-uri/-/fast-uri-3.1.5.tgz. Extracting by manifest.
1451 silly tarball no local data for extend@https://registry.npmjs.org/extend/-/extend-3.0.2.tgz. Extracting by manifest.
1452 silly tarball no local data for fast-deep-equal@https://registry.npmjs.org/fast-deep-equal/-/fast-deep-equal-3.1.3.tgz. Extracting by manifest.
1453 silly tarball no local data for extract-zip@https://registry.npmjs.org/extract-zip/-/extract-zip-2.0.1.tgz. Extracting by manifest.
1454 silly tarball no local data for exponential-backoff@https://registry.npmjs.org/exponential-backoff/-/exponential-backoff-3.1.3.tgz. Extracting by manifest.
1455 silly tarball no local data for estree-util-is-identifier-name@https://registry.npmjs.org/estree-util-is-identifier-name/-/estree-util-is-identifier-name-3.0.0.tgz. Extracting by manifest.
1456 silly tarball no local data for esbuild@https://registry.npmjs.org/esbuild/-/esbuild-0.25.12.tgz. Extracting by manifest.
1457 silly tarball no local data for es6-error@https://registry.npmjs.org/es6-error/-/es6-error-4.1.1.tgz. Extracting by manifest.
1458 silly tarball no local data for escape-string-regexp@https://registry.npmjs.org/escape-string-regexp/-/escape-string-regexp-4.0.0.tgz. Extracting by manifest.
1459 silly tarball no local data for escalade@https://registry.npmjs.org/escalade/-/escalade-3.2.0.tgz. Extracting by manifest.
1460 silly tarball no local data for core-util-is@https://registry.npmjs.org/core-util-is/-/core-util-is-1.0.3.tgz. Extracting by manifest.
1461 silly tarball no local data for es-set-tostringtag@https://registry.npmjs.org/es-set-tostringtag/-/es-set-tostringtag-2.1.0.tgz. Extracting by manifest.
1462 silly tarball no local data for convert-source-map@https://registry.npmjs.org/convert-source-map/-/convert-source-map-2.0.0.tgz. Extracting by manifest.
1463 silly tarball no local data for es-errors@https://registry.npmjs.org/es-errors/-/es-errors-1.3.0.tgz. Extracting by manifest.
1464 silly tarball no local data for es-define-property@https://registry.npmjs.org/es-define-property/-/es-define-property-1.0.1.tgz. Extracting by manifest.
1465 silly tarball no local data for es-object-atoms@https://registry.npmjs.org/es-object-atoms/-/es-object-atoms-1.1.2.tgz. Extracting by manifest.
1466 silly tarball no local data for env-paths@https://registry.npmjs.org/env-paths/-/env-paths-2.2.1.tgz. Extracting by manifest.
1467 silly tarball no local data for end-of-stream@https://registry.npmjs.org/end-of-stream/-/end-of-stream-1.4.5.tgz. Extracting by manifest.
1468 silly tarball no local data for err-code@https://registry.npmjs.org/err-code/-/err-code-2.0.3.tgz. Extracting by manifest.
1469 silly tarball no local data for fs-extra@https://registry.npmjs.org/fs-extra/-/fs-extra-7.0.1.tgz. Extracting by manifest.
1470 silly tarball no local data for emoji-regex@https://registry.npmjs.org/emoji-regex/-/emoji-regex-8.0.0.tgz. Extracting by manifest.
1471 silly tarball no local data for electron-to-chromium@https://registry.npmjs.org/electron-to-chromium/-/electron-to-chromium-1.5.389.tgz. Extracting by manifest.
1472 silly tarball no local data for universalify@https://registry.npmjs.org/universalify/-/universalify-2.0.1.tgz. Extracting by manifest.
1473 silly tarball no local data for electron-winstaller@https://registry.npmjs.org/electron-winstaller/-/electron-winstaller-5.4.0.tgz. Extracting by manifest.
1474 silly tarball no local data for jsonfile@https://registry.npmjs.org/jsonfile/-/jsonfile-6.2.1.tgz. Extracting by manifest.
1475 silly tarball no local data for fs-extra@https://registry.npmjs.org/fs-extra/-/fs-extra-10.1.0.tgz. Extracting by manifest.
1476 silly tarball no local data for electron-publish@https://registry.npmjs.org/electron-publish/-/electron-publish-26.15.3.tgz. Extracting by manifest.
1477 silly tarball no local data for electron-builder-squirrel-windows@https://registry.npmjs.org/electron-builder-squirrel-windows/-/electron-builder-squirrel-windows-26.15.3.tgz. Extracting by manifest.
1478 silly tarball no local data for electron-builder@https://registry.npmjs.org/electron-builder/-/electron-builder-26.15.3.tgz. Extracting by manifest.
1479 silly tarball no local data for ejs@https://registry.npmjs.org/ejs/-/ejs-3.1.10.tgz. Extracting by manifest.
1480 silly tarball no local data for universalify@https://registry.npmjs.org/universalify/-/universalify-2.0.1.tgz. Extracting by manifest.
1481 silly tarball no local data for electron@https://registry.npmjs.org/electron/-/electron-38.8.6.tgz. Extracting by manifest.
1482 silly tarball no local data for @types/node@https://registry.npmjs.org/@types/node/-/node-22.20.1.tgz. Extracting by manifest.
1483 silly tarball no local data for jsonfile@https://registry.npmjs.org/jsonfile/-/jsonfile-6.2.1.tgz. Extracting by manifest.
1484 silly tarball no local data for fs-extra@https://registry.npmjs.org/fs-extra/-/fs-extra-10.1.0.tgz. Extracting by manifest.
1485 silly tarball no local data for undici-types@https://registry.npmjs.org/undici-types/-/undici-types-6.21.0.tgz. Extracting by manifest.
1486 silly tarball no local data for dunder-proto@https://registry.npmjs.org/dunder-proto/-/dunder-proto-1.0.1.tgz. Extracting by manifest.
1487 silly tarball no local data for duplexer2@https://registry.npmjs.org/duplexer2/-/duplexer2-0.1.4.tgz. Extracting by manifest.
1488 silly tarball no local data for jsonfile@https://registry.npmjs.org/jsonfile/-/jsonfile-6.2.1.tgz. Extracting by manifest.
1489 silly tarball no local data for dotenv-expand@https://registry.npmjs.org/dotenv-expand/-/dotenv-expand-11.0.7.tgz. Extracting by manifest.
1490 silly tarball no local data for dotenv@https://registry.npmjs.org/dotenv/-/dotenv-16.6.1.tgz. Extracting by manifest.
1491 silly tarball no local data for universalify@https://registry.npmjs.org/universalify/-/universalify-2.0.1.tgz. Extracting by manifest.
1492 silly tarball no local data for fs-extra@https://registry.npmjs.org/fs-extra/-/fs-extra-10.1.0.tgz. Extracting by manifest.
1493 silly tarball no local data for dmg-builder@https://registry.npmjs.org/dmg-builder/-/dmg-builder-26.15.3.tgz. Extracting by manifest.
1494 silly tarball no local data for devlop@https://registry.npmjs.org/devlop/-/devlop-1.1.0.tgz. Extracting by manifest.
1495 silly tarball no local data for dir-compare@https://registry.npmjs.org/dir-compare/-/dir-compare-4.2.0.tgz. Extracting by manifest.
1496 silly tarball no local data for detect-node@https://registry.npmjs.org/detect-node/-/detect-node-2.1.0.tgz. Extracting by manifest.
1497 silly tarball no local data for dequal@https://registry.npmjs.org/dequal/-/dequal-2.0.3.tgz. Extracting by manifest.
1498 silly tarball no local data for balanced-match@https://registry.npmjs.org/balanced-match/-/balanced-match-1.0.2.tgz. Extracting by manifest.
1499 silly tarball no local data for brace-expansion@https://registry.npmjs.org/brace-expansion/-/brace-expansion-1.1.18.tgz. Extracting by manifest.
1500 silly tarball no local data for minimatch@https://registry.npmjs.org/minimatch/-/minimatch-3.1.5.tgz. Extracting by manifest.
1501 silly tarball no local data for mimic-response@https://registry.npmjs.org/mimic-response/-/mimic-response-3.1.0.tgz. Extracting by manifest.
1502 silly tarball no local data for define-properties@https://registry.npmjs.org/define-properties/-/define-properties-1.2.1.tgz. Extracting by manifest.
1503 silly tarball no local data for delayed-stream@https://registry.npmjs.org/delayed-stream/-/delayed-stream-1.0.0.tgz. Extracting by manifest.
1504 silly tarball no local data for decompress-response@https://registry.npmjs.org/decompress-response/-/decompress-response-6.0.0.tgz. Extracting by manifest.
1505 silly tarball no local data for decode-named-character-reference@https://registry.npmjs.org/decode-named-character-reference/-/decode-named-character-reference-1.3.0.tgz. Extracting by manifest.
1506 silly tarball no local data for defer-to-connect@https://registry.npmjs.org/defer-to-connect/-/defer-to-connect-2.0.1.tgz. Extracting by manifest.
1507 silly tarball no local data for debug@https://registry.npmjs.org/debug/-/debug-4.4.3.tgz. Extracting by manifest.
1508 silly tarball no local data for define-data-property@https://registry.npmjs.org/define-data-property/-/define-data-property-1.1.4.tgz. Extracting by manifest.
1509 silly tarball no local data for csstype@https://registry.npmjs.org/csstype/-/csstype-3.2.3.tgz. Extracting by manifest.
1510 silly tarball no local data for cross-env@https://registry.npmjs.org/cross-env/-/cross-env-10.1.0.tgz. Extracting by manifest.
1511 silly tarball no local data for concat-map@https://registry.npmjs.org/concat-map/-/concat-map-0.0.1.tgz. Extracting by manifest.
1512 silly tarball no local data for cross-spawn@https://registry.npmjs.org/cross-spawn/-/cross-spawn-7.0.6.tgz. Extracting by manifest.
1513 silly tarball no local data for compare-version@https://registry.npmjs.org/compare-version/-/compare-version-0.1.2.tgz. Extracting by manifest.
1514 silly tarball no local data for cross-dirname@https://registry.npmjs.org/cross-dirname/-/cross-dirname-0.1.0.tgz. Extracting by manifest.
1515 silly tarball no local data for commander@https://registry.npmjs.org/commander/-/commander-5.1.0.tgz. Extracting by manifest.
1516 silly tarball no local data for combined-stream@https://registry.npmjs.org/combined-stream/-/combined-stream-1.0.8.tgz. Extracting by manifest.
1517 silly tarball no local data for color-convert@https://registry.npmjs.org/color-convert/-/color-convert-2.0.1.tgz. Extracting by manifest.
1518 silly tarball no local data for color-name@https://registry.npmjs.org/color-name/-/color-name-1.1.4.tgz. Extracting by manifest.
1519 silly tarball no local data for clone-response@https://registry.npmjs.org/clone-response/-/clone-response-1.0.3.tgz. Extracting by manifest.
1520 silly tarball no local data for comma-separated-tokens@https://registry.npmjs.org/comma-separated-tokens/-/comma-separated-tokens-2.0.3.tgz. Extracting by manifest.
1521 silly tarball no local data for cliui@https://registry.npmjs.org/cliui/-/cliui-8.0.1.tgz. Extracting by manifest.
1522 silly tarball no local data for ci-info@https://registry.npmjs.org/ci-info/-/ci-info-4.4.0.tgz. Extracting by manifest.
1523 silly tarball no local data for chromium-pickle-js@https://registry.npmjs.org/chromium-pickle-js/-/chromium-pickle-js-0.2.0.tgz. Extracting by manifest.
1524 silly tarball no local data for character-reference-invalid@https://registry.npmjs.org/character-reference-invalid/-/character-reference-invalid-2.0.1.tgz. Extracting by manifest.
1525 silly tarball no local data for character-entities-legacy@https://registry.npmjs.org/character-entities-legacy/-/character-entities-legacy-3.0.0.tgz. Extracting by manifest.
1526 silly tarball no local data for chownr@https://registry.npmjs.org/chownr/-/chownr-3.0.0.tgz. Extracting by manifest.
1527 silly tarball no local data for character-entities-html4@https://registry.npmjs.org/character-entities-html4/-/character-entities-html4-2.1.0.tgz. Extracting by manifest.
1528 silly tarball no local data for character-entities@https://registry.npmjs.org/character-entities/-/character-entities-2.0.2.tgz. Extracting by manifest.
1529 silly tarball no local data for supports-color@https://registry.npmjs.org/supports-color/-/supports-color-7.2.0.tgz. Extracting by manifest.
1530 silly tarball no local data for caniuse-lite@https://registry.npmjs.org/caniuse-lite/-/caniuse-lite-1.0.30001803.tgz. Extracting by manifest.
1531 silly tarball no local data for ccount@https://registry.npmjs.org/ccount/-/ccount-2.0.1.tgz. Extracting by manifest.
1532 silly tarball no local data for cacheable-request@https://registry.npmjs.org/cacheable-request/-/cacheable-request-7.0.4.tgz. Extracting by manifest.
1533 silly tarball no local data for chalk@https://registry.npmjs.org/chalk/-/chalk-4.1.2.tgz. Extracting by manifest.
1534 silly tarball no local data for cacheable-lookup@https://registry.npmjs.org/cacheable-lookup/-/cacheable-lookup-5.0.4.tgz. Extracting by manifest.
1535 silly tarball no local data for call-bind-apply-helpers@https://registry.npmjs.org/call-bind-apply-helpers/-/call-bind-apply-helpers-1.0.2.tgz. Extracting by manifest.
1536 silly tarball no local data for universalify@https://registry.npmjs.org/universalify/-/universalify-2.0.1.tgz. Extracting by manifest.
1537 silly tarball no local data for bytestreamjs@https://registry.npmjs.org/bytestreamjs/-/bytestreamjs-2.0.1.tgz. Extracting by manifest.
1538 silly tarball no local data for builder-util-runtime@https://registry.npmjs.org/builder-util-runtime/-/builder-util-runtime-9.7.0.tgz. Extracting by manifest.
1539 silly tarball no local data for builder-util@https://registry.npmjs.org/builder-util/-/builder-util-26.15.3.tgz. Extracting by manifest.
1540 silly tarball no local data for fs-extra@https://registry.npmjs.org/fs-extra/-/fs-extra-10.1.0.tgz. Extracting by manifest.
1541 silly tarball no local data for jsonfile@https://registry.npmjs.org/jsonfile/-/jsonfile-6.2.1.tgz. Extracting by manifest.
1542 silly tarball no local data for buffer-from@https://registry.npmjs.org/buffer-from/-/buffer-from-1.1.2.tgz. Extracting by manifest.
1543 silly tarball no local data for browserslist@https://registry.npmjs.org/browserslist/-/browserslist-4.28.5.tgz. Extracting by manifest.
1544 silly tarball no local data for buffer-crc32@https://registry.npmjs.org/buffer-crc32/-/buffer-crc32-0.2.13.tgz. Extracting by manifest.
1545 silly tarball no local data for boolean@https://registry.npmjs.org/boolean/-/boolean-3.2.0.tgz. Extracting by manifest.
1546 silly tarball no local data for bluebird@https://registry.npmjs.org/bluebird/-/bluebird-3.7.2.tgz. Extracting by manifest.
1547 silly tarball no local data for brace-expansion@https://registry.npmjs.org/brace-expansion/-/brace-expansion-5.0.9.tgz. Extracting by manifest.
1548 silly tarball no local data for base64-js@https://registry.npmjs.org/base64-js/-/base64-js-1.5.1.tgz. Extracting by manifest.
1549 silly tarball no local data for balanced-match@https://registry.npmjs.org/balanced-match/-/balanced-match-4.0.4.tgz. Extracting by manifest.
1550 silly tarball no local data for baseline-browser-mapping@https://registry.npmjs.org/baseline-browser-mapping/-/baseline-browser-mapping-2.10.42.tgz. Extracting by manifest.
1551 silly tarball no local data for at-least-node@https://registry.npmjs.org/at-least-node/-/at-least-node-1.0.0.tgz. Extracting by manifest.
1552 silly tarball no local data for aws4@https://registry.npmjs.org/aws4/-/aws4-1.13.2.tgz. Extracting by manifest.
1553 silly tarball no local data for async-exit-hook@https://registry.npmjs.org/async-exit-hook/-/async-exit-hook-2.0.1.tgz. Extracting by manifest.
1554 silly tarball no local data for bail@https://registry.npmjs.org/bail/-/bail-2.0.2.tgz. Extracting by manifest.
1555 silly tarball no local data for asynckit@https://registry.npmjs.org/asynckit/-/asynckit-0.4.0.tgz. Extracting by manifest.
1556 silly tarball no local data for async@https://registry.npmjs.org/async/-/async-3.2.6.tgz. Extracting by manifest.
1557 silly tarball no local data for asn1js@https://registry.npmjs.org/asn1js/-/asn1js-3.0.10.tgz. Extracting by manifest.
1558 silly tarball no local data for app-builder-lib@https://registry.npmjs.org/app-builder-lib/-/app-builder-lib-26.15.3.tgz. Extracting by manifest.
1559 silly tarball no local data for fs-extra@https://registry.npmjs.org/fs-extra/-/fs-extra-8.1.0.tgz. Extracting by manifest.
1560 silly tarball no local data for semver@https://registry.npmjs.org/semver/-/semver-6.3.1.tgz. Extracting by manifest.
1561 silly tarball no local data for @electron/get@https://registry.npmjs.org/@electron/get/-/get-3.1.0.tgz. Extracting by manifest.
1562 silly tarball no local data for argparse@https://registry.npmjs.org/argparse/-/argparse-2.0.1.tgz. Extracting by manifest.
1563 silly tarball no local data for universalify@https://registry.npmjs.org/universalify/-/universalify-2.0.1.tgz. Extracting by manifest.
1564 silly tarball no local data for semver@https://registry.npmjs.org/semver/-/semver-7.7.4.tgz. Extracting by manifest.
1565 silly tarball no local data for jsonfile@https://registry.npmjs.org/jsonfile/-/jsonfile-6.2.1.tgz. Extracting by manifest.
1566 silly tarball no local data for fs-extra@https://registry.npmjs.org/fs-extra/-/fs-extra-10.1.0.tgz. Extracting by manifest.
1567 silly tarball no local data for ansi-styles@https://registry.npmjs.org/ansi-styles/-/ansi-styles-4.3.0.tgz. Extracting by manifest.
1568 silly tarball no local data for which@https://registry.npmjs.org/which/-/which-5.0.0.tgz. Extracting by manifest.
1569 silly tarball no local data for isexe@https://registry.npmjs.org/isexe/-/isexe-3.1.5.tgz. Extracting by manifest.
1570 silly tarball no local data for ci-info@https://registry.npmjs.org/ci-info/-/ci-info-4.3.1.tgz. Extracting by manifest.
1571 silly tarball no local data for ansi-regex@https://registry.npmjs.org/ansi-regex/-/ansi-regex-5.0.1.tgz. Extracting by manifest.
1572 silly tarball no local data for ajv@https://registry.npmjs.org/ajv/-/ajv-8.20.0.tgz. Extracting by manifest.
1573 silly tarball no local data for abbrev@https://registry.npmjs.org/abbrev/-/abbrev-4.0.0.tgz. Extracting by manifest.
1574 silly tarball no local data for agent-base@https://registry.npmjs.org/agent-base/-/agent-base-7.1.4.tgz. Extracting by manifest.
1575 http fetch GET https://registry.npmjs.org/@vitejs/plugin-react/-/plugin-react-5.0.4.tgz attempt 1 failed with EACCES
1576 http fetch GET https://registry.npmjs.org/@types/unist/-/unist-3.0.3.tgz attempt 1 failed with EACCES
1577 http fetch GET https://registry.npmjs.org/@xmldom/xmldom/-/xmldom-0.8.14.tgz attempt 1 failed with EACCES
1578 http fetch GET https://registry.npmjs.org/@types/yauzl/-/yauzl-2.10.3.tgz attempt 1 failed with EACCES
1579 http fetch GET https://registry.npmjs.org/@types/responselike/-/responselike-1.0.3.tgz attempt 1 failed with EACCES
1580 http fetch GET https://registry.npmjs.org/@types/react-dom/-/react-dom-19.2.4.tgz attempt 1 failed with EACCES
1581 http fetch GET https://registry.npmjs.org/@ungap/structured-clone/-/structured-clone-1.3.3.tgz attempt 1 failed with EACCES
1582 http fetch GET https://registry.npmjs.org/@types/react/-/react-19.2.18.tgz attempt 1 failed with EACCES
1583 http fetch GET https://registry.npmjs.org/@types/node/-/node-24.13.3.tgz attempt 1 failed with EACCES
1584 http fetch GET https://registry.npmjs.org/@types/mdast/-/mdast-4.0.4.tgz attempt 1 failed with EACCES
1585 http fetch GET https://registry.npmjs.org/@types/ms/-/ms-2.1.0.tgz attempt 1 failed with EACCES
1586 http fetch GET https://registry.npmjs.org/@types/keyv/-/keyv-3.1.4.tgz attempt 1 failed with EACCES
1587 http fetch GET https://registry.npmjs.org/@types/hast/-/hast-3.0.5.tgz attempt 1 failed with EACCES
1588 http fetch GET https://registry.npmjs.org/@types/http-cache-semantics/-/http-cache-semantics-4.2.0.tgz attempt 1 failed with EACCES
1589 http fetch GET https://registry.npmjs.org/@types/fs-extra/-/fs-extra-9.0.13.tgz attempt 1 failed with EACCES
1590 http fetch GET https://registry.npmjs.org/npm attempt 2 failed with EACCES
1591 http fetch GET https://registry.npmjs.org/@vitejs/plugin-react/-/plugin-react-5.0.4.tgz attempt 2 failed with EACCES
1592 http fetch GET https://registry.npmjs.org/@types/unist/-/unist-3.0.3.tgz attempt 2 failed with EACCES
1593 http fetch GET https://registry.npmjs.org/@xmldom/xmldom/-/xmldom-0.8.14.tgz attempt 2 failed with EACCES
1594 http fetch GET https://registry.npmjs.org/@types/yauzl/-/yauzl-2.10.3.tgz attempt 2 failed with EACCES
1595 http fetch GET https://registry.npmjs.org/@types/responselike/-/responselike-1.0.3.tgz attempt 2 failed with EACCES
1596 http fetch GET https://registry.npmjs.org/@types/react-dom/-/react-dom-19.2.4.tgz attempt 2 failed with EACCES
1597 http fetch GET https://registry.npmjs.org/@ungap/structured-clone/-/structured-clone-1.3.3.tgz attempt 2 failed with EACCES
1598 http fetch GET https://registry.npmjs.org/@types/react/-/react-19.2.18.tgz attempt 2 failed with EACCES
1599 http fetch GET https://registry.npmjs.org/@types/node/-/node-24.13.3.tgz attempt 2 failed with EACCES
1600 http fetch GET https://registry.npmjs.org/@types/mdast/-/mdast-4.0.4.tgz attempt 2 failed with EACCES
1601 http fetch GET https://registry.npmjs.org/@types/ms/-/ms-2.1.0.tgz attempt 2 failed with EACCES
1602 http fetch GET https://registry.npmjs.org/@types/keyv/-/keyv-3.1.4.tgz attempt 2 failed with EACCES
1603 http fetch GET https://registry.npmjs.org/@types/hast/-/hast-3.0.5.tgz attempt 2 failed with EACCES
1604 http fetch GET https://registry.npmjs.org/@types/http-cache-semantics/-/http-cache-semantics-4.2.0.tgz attempt 2 failed with EACCES
1605 http fetch GET https://registry.npmjs.org/@types/fs-extra/-/fs-extra-9.0.13.tgz attempt 2 failed with EACCES
1606 http fetch GET https://registry.npmjs.org/npm attempt 3 failed with EACCES
1607 http fetch GET https://registry.npmjs.org/@vitejs/plugin-react/-/plugin-react-5.0.4.tgz attempt 3 failed with EACCES
1608 http fetch GET https://registry.npmjs.org/@types/unist/-/unist-3.0.3.tgz attempt 3 failed with EACCES
1609 http fetch GET https://registry.npmjs.org/@xmldom/xmldom/-/xmldom-0.8.14.tgz attempt 3 failed with EACCES
1610 http fetch GET https://registry.npmjs.org/@types/yauzl/-/yauzl-2.10.3.tgz attempt 3 failed with EACCES
1611 verbose reify failed optional dependency C:\opt\workspace\SELPLAT\apps\ai-desktop\node_modules\@types\yauzl
1612 silly reify mark deleted [
1612 silly reify   'C:\\opt\\workspace\\SELPLAT\\apps\\ai-desktop\\node_modules\\@types\\yauzl'
1612 silly reify ]
1613 http fetch GET https://registry.npmjs.org/@types/responselike/-/responselike-1.0.3.tgz attempt 3 failed with EACCES
1614 http fetch GET https://registry.npmjs.org/@types/react-dom/-/react-dom-19.2.4.tgz attempt 3 failed with EACCES
1615 http fetch GET https://registry.npmjs.org/@ungap/structured-clone/-/structured-clone-1.3.3.tgz attempt 3 failed with EACCES
1616 http fetch GET https://registry.npmjs.org/@types/react/-/react-19.2.18.tgz attempt 3 failed with EACCES
1617 http fetch GET https://registry.npmjs.org/@types/node/-/node-24.13.3.tgz attempt 3 failed with EACCES
1618 http fetch GET https://registry.npmjs.org/@types/mdast/-/mdast-4.0.4.tgz attempt 3 failed with EACCES
1619 http fetch GET https://registry.npmjs.org/@types/ms/-/ms-2.1.0.tgz attempt 3 failed with EACCES
1620 http fetch GET https://registry.npmjs.org/@types/keyv/-/keyv-3.1.4.tgz attempt 3 failed with EACCES
1621 http fetch GET https://registry.npmjs.org/@types/hast/-/hast-3.0.5.tgz attempt 3 failed with EACCES
1622 http fetch GET https://registry.npmjs.org/@types/http-cache-semantics/-/http-cache-semantics-4.2.0.tgz attempt 3 failed with EACCES
1623 http fetch GET https://registry.npmjs.org/@types/fs-extra/-/fs-extra-9.0.13.tgz attempt 3 failed with EACCES
1624 verbose cwd C:\opt\workspace\SELPLAT\apps\ai-desktop
1625 verbose os Windows_NT 10.0.22631
1626 verbose node v22.20.0
1627 verbose npm  v10.9.3
1628 error Exit handler never called!
1629 error This is an error with npm itself. Please report this error at:
1630 error   <https://github.com/npm/cli/issues>
1631 verbose exit 1
1632 verbose code 1
1633 error A complete log of this run can be found in: C:\opt\workspace\SELPLAT\apps\ai-desktop\.npm-repair-cache\_logs\2026-09-03T06_45_51_289Z-debug-0.log
